LMSL,Group,Group Stage,Match Number,Winner,Walkover,Best Of,Player 1 ID,Player 1 Name,Player 1 Score,Player 1 Flag,Player 1 Faction,Player 2 ID,Player 2 Name,Player 2 Score,Player 2 Flag,Player 2 Faction,Map 1 Game Number,Map 1 Map Name,Map 1 Winner Id,Map 1 Winner Faction,Map 1 Loser Id,Map 1 Loser Faction,Map 2 Game Number,Map 2 Map Name,Map 2 Winner Id,Map 2 Winner Faction,Map 2 Loser Id,Map 2 Loser Faction,Map 3 Game Number,Map 3 Map Name,Map 3 Winner Id,Map 3 Winner Faction,Map 3 Loser Id,Map 3 Loser Faction,Map 4 Game Number,Map 4 Map Name,Map 4 Winner Id,Map 4 Winner Faction,Map 4 Loser Id,Map 4 Loser Faction,Map 5 Game Number,Map 5 Map Name,Map 5 Winner Id,Map 5 Winner Faction,Map 5 Loser Id,Map 5 Loser Faction,Map 6 Game Number,Map 6 Map Name,Map 6 Winner Id,Map 6 Winner Faction,Map 6 Loser Id,Map 6 Loser Faction,Map 7 Game Number,Map 7 Map Name,Map 7 Winner Id,Map 7 Winner Faction,Map 7 Loser Id,Map 7 Loser Faction
01,A,GS1,1,2,,3,1,Sherpard,0,Peru,p,2,PingPongHero,2,United States,t,,,,,,,,,,,,,,,,,,,,,,,,,,,,,,,,,,,,,,,,,,
01,A,GS1,2,2,,3,1,Levver,0,Israel,z,2,Siisyphus,2,United States,z,,,,,,,,,,,,,,,,,,,,,,,,,,,,,,,,,,,,,,,,,,
01,A,GS1,3,1,,3,1,PingPongHero,2,United States,t,2,Siisyphus,0,United States,z,,,,,,,,,,,,,,,,,,,,,,,,,,,,,,,,,,,,,,,,,,
01,A,GS1,4,1,,3,1,Sherpard,2,Peru,p,2,Levver,1,Israel,z,,,,,,,,,,,,,,,,,,,,,,,,,,,,,,,,,,,,,,,,,,
01,A,GS1,5,1,,3,1,Siisyphus,2,United States,z,2,Sherpard,0,Peru,p,,,,,,,,,,,,,,,,,,,,,,,,,,,,,,,,,,,,,,,,,,
01,B,GS1,1,1,,3,1,ROY,2,Peru,p,2,Elegacy,0,Argentina,p,,,,,,,,,,,,,,,,,,,,,,,,,,,,,,,,,,,,,,,,,,
01,B,GS1,2,2,,3,1,Nonothing,1,United States,p,2,Darkblade,2,Canada,t,,,,,,,,,,,,,,,,,,,,,,,,,,,,,,,,,,,,,,,,,,
01,B,GS1,3,1,,3,1,ROY,2,Peru,p,2,Darkblade,0,Canada,t,,,,,,,,,,,,,,,,,,,,,,,,,,,,,,,,,,,,,,,,,,
01,B,GS1,4,1,,3,1,Elegacy,2,Argentina,p,2,Nonothing,1,United States,p,,,,,,,,,,,,,,,,,,,,,,,,,,,,,,,,,,,,,,,,,,
01,B,GS1,5,2,ff,3,1,Darkblade,-1,Canada,t,2,Elegacy,-1,Argentina,p,,,,,,,,,,,,,,,,,,,,,,,,,,,,,,,,,,,,,,,,,,
01,C,GS1,1,1,,3,1,Pee_and_keele,2,United States,t,2,Darkimal,0,United States,t,,,,,,,,,,,,,,,,,,,,,,,,,,,,,,,,,,,,,,,,,,
01,C,GS1,2,1,,3,1,Stichtom,2,Germany,p,2,Bob,0,United States,p,,,,,,,,,,,,,,,,,,,,,,,,,,,,,,,,,,,,,,,,,,
01,C,GS1,3,1,,3,1,Pee_and_keele,2,United States,t,2,Stichtom,0,Germany,p,,,,,,,,,,,,,,,,,,,,,,,,,,,,,,,,,,,,,,,,,,
01,C,GS1,4,2,ff,3,1,Darkimal,-1,United States,t,2,Bob,-1,United States,p,,,,,,,,,,,,,,,,,,,,,,,,,,,,,,,,,,,,,,,,,,
01,C,GS1,5,1,,3,1,Stichtom,2,Germany,p,2,Bob,0,United States,p,,,,,,,,,,,,,,,,,,,,,,,,,,,,,,,,,,,,,,,,,,
01,D,GS1,1,2,,3,1,JamesBaxter,0,United States,z,2,HellbatKinG,2,United States,t,,,,,,,,,,,,,,,,,,,,,,,,,,,,,,,,,,,,,,,,,,
01,D,GS1,2,2,,3,1,EternalFear,0,United States,t,2,CPPmaster,2,United States,z,,,,,,,,,,,,,,,,,,,,,,,,,,,,,,,,,,,,,,,,,,
01,D,GS1,3,2,,3,1,HellbatKinG,1,United States,t,2,CPPmaster,2,United States,z,,,,,,,,,,,,,,,,,,,,,,,,,,,,,,,,,,,,,,,,,,
01,D,GS1,4,1,,3,1,JamesBaxter,2,United States,z,2,EternalFear,0,United States,t,,,,,,,,,,,,,,,,,,,,,,,,,,,,,,,,,,,,,,,,,,
01,D,GS1,5,1,,3,1,HellbatKinG,2,United States,t,2,JamesBaxter,0,United States,z,,,,,,,,,,,,,,,,,,,,,,,,,,,,,,,,,,,,,,,,,,
01,E,GS1,1,2,ff,3,1,Nemethil,-1,United States,t,2,Wizzer,-1,United States,z,,,,,,,,,,,,,,,,,,,,,,,,,,,,,,,,,,,,,,,,,,
01,E,GS1,2,1,,3,1,CowboyDan,2,United States,t,2,Clip,0,United States,p,,,,,,,,,,,,,,,,,,,,,,,,,,,,,,,,,,,,,,,,,,
01,E,GS1,3,2,,3,1,Wizzer,0,United States,z,2,CowboyDan,2,United States,t,,,,,,,,,,,,,,,,,,,,,,,,,,,,,,,,,,,,,,,,,,
01,E,GS1,4,2,ff,3,1,Nemethil,-1,United States,t,2,Clip,-1,United States,p,,,,,,,,,,,,,,,,,,,,,,,,,,,,,,,,,,,,,,,,,,
01,E,GS1,5,1,ff,3,1,Wizzer,-1,United States,z,2,Clip,-1,United States,p,,,,,,,,,,,,,,,,,,,,,,,,,,,,,,,,,,,,,,,,,,
01,F,GS1,1,1,,3,1,Mia,2,United States,t,2,Drink,0,United States,t,,,,,,,,,,,,,,,,,,,,,,,,,,,,,,,,,,,,,,,,,,
01,F,GS1,2,2,,3,1,James,0,United States,p,2,AntahoNy,2,United States,t,,,,,,,,,,,,,,,,,,,,,,,,,,,,,,,,,,,,,,,,,,
01,F,GS1,3,2,,3,1,Mia,1,United States,t,2,AntahoNy,2,United States,t,,,,,,,,,,,,,,,,,,,,,,,,,,,,,,,,,,,,,,,,,,
01,F,GS1,4,2,,3,1,Drink,0,United States,t,2,James,2,United States,p,,,,,,,,,,,,,,,,,,,,,,,,,,,,,,,,,,,,,,,,,,
01,F,GS1,5,2,ff,3,1,Mia,-1,United States,t,2,James,-1,United States,p,,,,,,,,,,,,,,,,,,,,,,,,,,,,,,,,,,,,,,,,,,
01,G,GS1,1,2,ff,3,1,Anh,-1,United States,t,2,CaptBritain,-1,Philippines,z,,,,,,,,,,,,,,,,,,,,,,,,,,,,,,,,,,,,,,,,,,
01,G,GS1,2,2,,3,1,Spyda,0,United States,p,2,Whitelinker,2,France,p,,,,,,,,,,,,,,,,,,,,,,,,,,,,,,,,,,,,,,,,,,
01,G,GS1,3,2,,3,1,CaptBritain,0,Philippines,z,2,Whitelinker,2,France,p,,,,,,,,,,,,,,,,,,,,,,,,,,,,,,,,,,,,,,,,,,
01,G,GS1,4,2,ff,3,1,Anh,-1,United States,t,2,Spyda,-1,United States,p,,,,,,,,,,,,,,,,,,,,,,,,,,,,,,,,,,,,,,,,,,
01,G,GS1,5,1,,3,1,CaptBritain,2,Philippines,z,2,Spyda,1,United States,p,,,,,,,,,,,,,,,,,,,,,,,,,,,,,,,,,,,,,,,,,,
01,H,GS1,1,2,,3,1,GFG,1,Germany,t,2,Turkeltown,2,Germany,t,,,,,,,,,,,,,,,,,,,,,,,,,,,,,,,,,,,,,,,,,,
01,H,GS1,2,2,,3,1,Nemui,0,United States,z,2,Vales,2,United Kingdom,t,,,,,,,,,,,,,,,,,,,,,,,,,,,,,,,,,,,,,,,,,,
01,H,GS1,3,2,,3,1,Turkeltown,0,Germany,t,2,Vales,2,United Kingdom,t,,,,,,,,,,,,,,,,,,,,,,,,,,,,,,,,,,,,,,,,,,
01,H,GS1,4,1,,3,1,GFG,2,Germany,t,2,Nemui,0,United States,z,,,,,,,,,,,,,,,,,,,,,,,,,,,,,,,,,,,,,,,,,,
01,H,GS1,5,2,,3,1,Turkeltown,0,Germany,t,2,GFG,2,Germany,t,,,,,,,,,,,,,,,,,,,,,,,,,,,,,,,,,,,,,,,,,,
01,A,GS2,1,1,,3,1,Vales,2,United Kingdom,t,2,Wizzer,0,United States,z,,,,,,,,,,,,,,,,,,,,,,,,,,,,,,,,,,,,,,,,,,
01,A,GS2,2,1,,3,1,Elegacy,2,Argentina,p,2,AntahoNy,0,United States,t,,,,,,,,,,,,,,,,,,,,,,,,,,,,,,,,,,,,,,,,,,
01,A,GS2,3,2,,3,1,Vales,1,United Kingdom,t,2,Elegacy,2,Argentina,p,,,,,,,,,,,,,,,,,,,,,,,,,,,,,,,,,,,,,,,,,,
01,A,GS2,4,2,,3,1,Wizzer,1,United States,z,2,AntahoNy,2,United States,t,,,,,,,,,,,,,,,,,,,,,,,,,,,,,,,,,,,,,,,,,,
01,A,GS2,5,2,ff,3,1,Vales,-1,United Kingdom,t,2,AntahoNy,-1,United States,t,,,,,,,,,,,,,,,,,,,,,,,,,,,,,,,,,,,,,,,,,,
01,B,GS2,1,1,,3,1,Pee_and_keele,2,United States,t,2,CowboyDan,0,United States,t,,,,,,,,,,,,,,,,,,,,,,,,,,,,,,,,,,,,,,,,,,
01,B,GS2,2,1,,3,1,CPPmaster,2,United States,z,2,Whitelinker,1,France,p,,,,,,,,,,,,,,,,,,,,,,,,,,,,,,,,,,,,,,,,,,
01,B,GS2,3,2,,3,1,Pee_and_keele,1,United States,t,2,CPPmaster,2,United States,z,,,,,,,,,,,,,,,,,,,,,,,,,,,,,,,,,,,,,,,,,,
01,B,GS2,4,1,,3,1,CowboyDan,2,United States,t,2,Whitelinker,1,France,p,,,,,,,,,,,,,,,,,,,,,,,,,,,,,,,,,,,,,,,,,,
01,B,GS2,5,1,,3,1,Pee_and_keele,2,United States,t,2,CowboyDan,1,United States,t,,,,,,,,,,,,,,,,,,,,,,,,,,,,,,,,,,,,,,,,,,
01,C,GS2,1,1,,3,1,Stichtom,2,Germany,p,2,James,1,United States,p,,,,,,,,,,,,,,,,,,,,,,,,,,,,,,,,,,,,,,,,,,
01,C,GS2,2,2,,3,1,PingPongHero,0,United States,t,2,CaptBritain,2,Philippines,z,,,,,,,,,,,,,,,,,,,,,,,,,,,,,,,,,,,,,,,,,,
01,C,GS2,3,1,,3,1,Stichtom,2,Germany,p,2,CaptBritain,1,Philippines,z,,,,,,,,,,,,,,,,,,,,,,,,,,,,,,,,,,,,,,,,,,
01,C,GS2,4,1,ff,3,1,James,-1,United States,p,2,PingPongHero,-1,United States,t,,,,,,,,,,,,,,,,,,,,,,,,,,,,,,,,,,,,,,,,,,
01,C,GS2,5,1,,3,1,CaptBritain,2,Philippines,z,2,James,1,United States,p,,,,,,,,,,,,,,,,,,,,,,,,,,,,,,,,,,,,,,,,,,
01,D,GS2,1,1,,3,1,ROY,2,Peru,p,2,Siisyphus,0,United States,z,,,,,,,,,,,,,,,,,,,,,,,,,,,,,,,,,,,,,,,,,,
01,D,GS2,2,1,,3,1,HellbatKinG,2,United States,t,2,GFG,0,Germany,t,,,,,,,,,,,,,,,,,,,,,,,,,,,,,,,,,,,,,,,,,,
01,D,GS2,3,2,,3,1,ROY,0,Peru,p,2,HellbatKinG,2,United States,t,,,,,,,,,,,,,,,,,,,,,,,,,,,,,,,,,,,,,,,,,,
01,D,GS2,4,1,,3,1,Siisyphus,2,United States,z,2,GFG,0,Germany,t,,,,,,,,,,,,,,,,,,,,,,,,,,,,,,,,,,,,,,,,,,
01,D,GS2,5,1,,3,1,ROY,2,Peru,p,2,Siisyphus,0,United States,z,,,,,,,,,,,,,,,,,,,,,,,,,,,,,,,,,,,,,,,,,,
01,playoffs,R01,1,2,,5,1,Elegacy,0,Argentina,p,2,ROY,3,Peru,p,,,,,,,,,,,,,,,,,,,,,,,,,,,,,,,,,,,,,,,,,,
01,playoffs,R01,2,2,,5,1,Stichtom,2,Germany,p,2,Pee_and_keele,3,United States,t,,,,,,,,,,,,,,,,,,,,,,,,,,,,,,,,,,,,,,,,,,
01,playoffs,R01,3,2,ff,5,1,CPPmaster,-1,United States,z,2,CaptBritain,-1,Philippines,z,,,,,,,,,,,,,,,,,,,,,,,,,,,,,,,,,,,,,,,,,,
01,playoffs,R01,4,1,,5,1,HellbatKinG,3,United States,t,2,AntahoNy,1,United States,t,,,,,,,,,,,,,,,,,,,,,,,,,,,,,,,,,,,,,,,,,,
01,playoffs,R02,1,1,,5,1,ROY,3,Peru,p,2,Pee_and_keele,0,United States,t,,,,,,,,,,,,,,,,,,,,,,,,,,,,,,,,,,,,,,,,,,
01,playoffs,R02,2,1,,5,1,CaptBritain,3,Philippines,z,2,HellbatKinG,1,United States,t,,,,,,,,,,,,,,,,,,,,,,,,,,,,,,,,,,,,,,,,,,
01,playoffs,R03,1,1,,7,1,ROY,4,Peru,p,2,CaptBritain,0,Philippines,z,,,,,,,,,,,,,,,,,,,,,,,,,,,,,,,,,,,,,,,,,,
01,playoffs,3rd Place Match,3rd Place Match,1,,7,1,Pee_and_keele,4,United States,t,2,HellbatKinG,2,United States,t,,,,,,,,,,,,,,,,,,,,,,,,,,,,,,,,,,,,,,,,,,
02,playoffs,R01,1,1,,5,1,Papapanda,3,Taiwan,z,2,Wizzer,2,United States,z,,,,,,,,,,,,,,,,,,,,,,,,,,,,,,,,,,,,,,,,,,
02,playoffs,R01,2,1,,5,1,HellbatKinG,3,United States,t,2,CowboyDan,1,United States,t,,,,,,,,,,,,,,,,,,,,,,,,,,,,,,,,,,,,,,,,,,
02,playoffs,R01,3,1,,5,1,ROY,3,Peru,p,2,Mintycrystal,2,Germany,t,,,,,,,,,,,,,,,,,,,,,,,,,,,,,,,,,,,,,,,,,,
02,playoffs,R01,4,2,,5,1,Levver,0,Israel,z,2,ShuuyiW,3,Canada,t,,,,,,,,,,,,,,,,,,,,,,,,,,,,,,,,,,,,,,,,,,
02,playoffs,R02,1,2,,5,1,Papapanda,0,Taiwan,z,2,HellbatKinG,3,United States,t,,,,,,,,,,,,,,,,,,,,,,,,,,,,,,,,,,,,,,,,,,
02,playoffs,R02,2,1,,5,1,ROY,3,Peru,p,2,ShuuyiW,1,Canada,t,,,,,,,,,,,,,,,,,,,,,,,,,,,,,,,,,,,,,,,,,,
02,playoffs,R03,1,1,,7,1,HellbatKinG,4,United States,t,2,ROY,1,Peru,p,,,,,,,,,,,,,,,,,,,,,,,,,,,,,,,,,,,,,,,,,,
02,playoffs,3rd Place Match,3rd Place Match,1,,5,1,Papapanda,3,Taiwan,z,2,ShuuyiW,1,Canada,t,,,,,,,,,,,,,,,,,,,,,,,,,,,,,,,,,,,,,,,,,,
02,A,GS1,1,1,,3,1,Mintycrystal,2,Germany,t,2,Bodybag,0,Croatia,z,,,,,,,,,,,,,,,,,,,,,,,,,,,,,,,,,,,,,,,,,,
02,A,GS1,2,2,,3,1,Elegacy,0,Argentina,p,2,CaptBritain,2,Philippines,z,,,,,,,,,,,,,,,,,,,,,,,,,,,,,,,,,,,,,,,,,,
02,A,GS1,3,1,,3,1,Mintycrystal,2,Germany,t,2,CaptBritain,0,Philippines,z,,,,,,,,,,,,,,,,,,,,,,,,,,,,,,,,,,,,,,,,,,
02,A,GS1,4,2,ff,3,1,Bodybag,-1,Croatia,z,2,Elegacy,-1,Argentina,p,,,,,,,,,,,,,,,,,,,,,,,,,,,,,,,,,,,,,,,,,,
02,A,GS1,5,1,,3,1,CaptBritain,2,Philippines,z,2,Elegacy,1,Argentina,p,,,,,,,,,,,,,,,,,,,,,,,,,,,,,,,,,,,,,,,,,,
02,B,GS1,1,2,,3,1,Beni,1,United States,p,2,TaggedOnce,2,Philippines,z,,,,,,,,,,,,,,,,,,,,,,,,,,,,,,,,,,,,,,,,,,
02,B,GS1,2,1,ff,3,1,SunnyD,-1,United States,t,2,JamesBaxter,-1,United States,z,,,,,,,,,,,,,,,,,,,,,,,,,,,,,,,,,,,,,,,,,,
02,B,GS1,3,1,,3,1,TaggedOnce,2,Philippines,z,2,SunnyD,0,United States,t,,,,,,,,,,,,,,,,,,,,,,,,,,,,,,,,,,,,,,,,,,
02,B,GS1,4,1,,3,1,Beni,2,United States,p,2,JamesBaxter,1,United States,z,,,,,,,,,,,,,,,,,,,,,,,,,,,,,,,,,,,,,,,,,,
02,B,GS1,5,2,,3,1,SunnyD,0,United States,t,2,Beni,2,United States,p,,,,,,,,,,,,,,,,,,,,,,,,,,,,,,,,,,,,,,,,,,
02,C,GS1,1,1,,3,1,Maykoto,2,Peru,p,2,Pure,0,United States,p,,,,,,,,,,,,,,,,,,,,,,,,,,,,,,,,,,,,,,,,,,
02,C,GS1,2,1,,3,1,ROY,2,Peru,p,2,Slip,1,United States,t,,,,,,,,,,,,,,,,,,,,,,,,,,,,,,,,,,,,,,,,,,
02,C,GS1,3,2,,3,1,Maykoto,1,Peru,p,2,ROY,2,Peru,p,,,,,,,,,,,,,,,,,,,,,,,,,,,,,,,,,,,,,,,,,,
02,C,GS1,4,2,,3,1,Pure,1,United States,p,2,Slip,2,United States,t,,,,,,,,,,,,,,,,,,,,,,,,,,,,,,,,,,,,,,,,,,
02,C,GS1,5,2,,3,1,Maykoto,0,Peru,p,2,Slip,2,United States,t,,,,,,,,,,,,,,,,,,,,,,,,,,,,,,,,,,,,,,,,,,
02,D,GS1,1,1,,3,1,Mitchytommy,2,United States,z,2,Prohoops,0,United States,z,,,,,,,,,,,,,,,,,,,,,,,,,,,,,,,,,,,,,,,,,,
02,D,GS1,2,1,,3,1,Vales,2,United Kingdom,t,2,Papapanda,1,Taiwan,z,,,,,,,,,,,,,,,,,,,,,,,,,,,,,,,,,,,,,,,,,,
02,D,GS1,3,1,,3,1,Mitchytommy,2,United States,z,2,Vales,1,United Kingdom,t,,,,,,,,,,,,,,,,,,,,,,,,,,,,,,,,,,,,,,,,,,
02,D,GS1,4,2,,3,1,Prohoops,0,United States,z,2,Papapanda,2,Taiwan,z,,,,,,,,,,,,,,,,,,,,,,,,,,,,,,,,,,,,,,,,,,
02,D,GS1,5,2,,3,1,Vales,0,United Kingdom,t,2,Papapanda,2,Taiwan,z,,,,,,,,,,,,,,,,,,,,,,,,,,,,,,,,,,,,,,,,,,
02,E,GS1,1,2,,3,1,AntahoNy,1,United States,t,2,HellbatKinG,2,United States,t,,,,,,,,,,,,,,,,,,,,,,,,,,,,,,,,,,,,,,,,,,
02,E,GS1,2,1,,3,1,Wizzer,2,United States,z,2,GFG,0,Germany,t,,,,,,,,,,,,,,,,,,,,,,,,,,,,,,,,,,,,,,,,,,
02,E,GS1,3,1,,3,1,HellbatKinG,2,United States,t,2,Wizzer,0,United States,z,,,,,,,,,,,,,,,,,,,,,,,,,,,,,,,,,,,,,,,,,,
02,E,GS1,4,1,,3,1,AntahoNy,2,United States,t,2,GFG,0,Germany,t,,,,,,,,,,,,,,,,,,,,,,,,,,,,,,,,,,,,,,,,,,
02,E,GS1,5,1,,3,1,Wizzer,2,United States,z,2,AntahoNy,0,United States,t,,,,,,,,,,,,,,,,,,,,,,,,,,,,,,,,,,,,,,,,,,
02,F,GS1,1,1,,3,1,Ricardo,2,Brazil,t,2,GGG,0,Peru,z,,,,,,,,,,,,,,,,,,,,,,,,,,,,,,,,,,,,,,,,,,
02,F,GS1,2,1,ff,3,1,Darkblade,-1,Canada,t,2,Barks,-1,Albania,z,,,,,,,,,,,,,,,,,,,,,,,,,,,,,,,,,,,,,,,,,,
02,F,GS1,3,2,ff,3,1,Ricardo,-1,Brazil,t,2,Darkblade,-1,Canada,t,,,,,,,,,,,,,,,,,,,,,,,,,,,,,,,,,,,,,,,,,,
02,F,GS1,4,2,,3,1,GGG,0,Peru,z,2,Barks,2,Albania,z,,,,,,,,,,,,,,,,,,,,,,,,,,,,,,,,,,,,,,,,,,
02,F,GS1,5,2,ff,3,1,Ricardo,-1,Brazil,t,2,Barks,-1,Albania,z,,,,,,,,,,,,,,,,,,,,,,,,,,,,,,,,,,,,,,,,,,
02,G,GS1,1,1,,3,1,ParanoidMonk,2,Canada,t,2,Eleven,1,United States,z,,,,,,,,,,,,,,,,,,,,,,,,,,,,,,,,,,,,,,,,,,
02,G,GS1,2,2,,3,1,Leo,0,China,t,2,CowboyDan,2,United States,t,,,,,,,,,,,,,,,,,,,,,,,,,,,,,,,,,,,,,,,,,,
02,G,GS1,3,2,,3,1,ParanoidMonk,1,Canada,t,2,CowboyDan,2,United States,t,,,,,,,,,,,,,,,,,,,,,,,,,,,,,,,,,,,,,,,,,,
02,G,GS1,4,1,,3,1,Eleven,2,United States,z,2,Leo,0,China,t,,,,,,,,,,,,,,,,,,,,,,,,,,,,,,,,,,,,,,,,,,
02,G,GS1,5,2,,3,1,ParanoidMonk,1,Canada,t,2,Eleven,2,United States,z,,,,,,,,,,,,,,,,,,,,,,,,,,,,,,,,,,,,,,,,,,
02,H,GS1,1,1,,3,1,Levver,2,Israel,z,2,Sherpard,0,Peru,p,,,,,,,,,,,,,,,,,,,,,,,,,,,,,,,,,,,,,,,,,,
02,H,GS1,2,1,,3,1,Whitelinker,2,France,p,2,ShuuyiW,0,Canada,t,,,,,,,,,,,,,,,,,,,,,,,,,,,,,,,,,,,,,,,,,,
02,H,GS1,3,1,,3,1,Levver,2,Israel,z,2,Whitelinker,0,France,p,,,,,,,,,,,,,,,,,,,,,,,,,,,,,,,,,,,,,,,,,,
02,H,GS1,4,2,,3,1,Sherpard,0,Peru,p,2,ShuuyiW,2,Canada,t,,,,,,,,,,,,,,,,,,,,,,,,,,,,,,,,,,,,,,,,,,
02,H,GS1,5,2,,3,1,Whitelinker,0,France,p,2,ShuuyiW,2,Canada,t,,,,,,,,,,,,,,,,,,,,,,,,,,,,,,,,,,,,,,,,,,
02,A,GS2,1,2,,3,1,TaggedOnce,1,Philippines,z,2,ShuuyiW,2,Canada,t,,,,,,,,,,,,,,,,,,,,,,,,,,,,,,,,,,,,,,,,,,
02,A,GS2,2,2,,3,1,Darkblade,1,Canada,t,2,Papapanda,2,Taiwan,z,,,,,,,,,,,,,,,,,,,,,,,,,,,,,,,,,,,,,,,,,,
02,A,GS2,3,2,,3,1,ShuuyiW,1,Canada,t,2,Papapanda,2,Taiwan,z,,,,,,,,,,,,,,,,,,,,,,,,,,,,,,,,,,,,,,,,,,
02,A,GS2,4,1,ff,3,1,TaggedOnce,-1,Philippines,z,2,Darkblade,-1,Canada,t,,,,,,,,,,,,,,,,,,,,,,,,,,,,,,,,,,,,,,,,,,
02,A,GS2,5,1,ff,3,1,ShuuyiW,-1,Canada,t,2,TaggedOnce,-1,Philippines,z,,,,,,,,,,,,,,,,,,,,,,,,,,,,,,,,,,,,,,,,,,
02,B,GS2,1,2,,3,1,CowboyDan,0,United States,t,2,CaptBritain,2,Philippines,z,,,,,,,,,,,,,,,,,,,,,,,,,,,,,,,,,,,,,,,,,,
02,B,GS2,2,1,ff,3,1,ROY,-1,Peru,p,2,Beni,-1,United States,p,,,,,,,,,,,,,,,,,,,,,,,,,,,,,,,,,,,,,,,,,,
02,B,GS2,3,2,,3,1,CaptBritain,1,Philippines,z,2,ROY,2,Peru,p,,,,,,,,,,,,,,,,,,,,,,,,,,,,,,,,,,,,,,,,,,
02,B,GS2,4,1,ff,3,1,CowboyDan,-1,United States,t,2,Beni,-1,United States,p,,,,,,,,,,,,,,,,,,,,,,,,,,,,,,,,,,,,,,,,,,
02,B,GS2,5,2,,3,1,CaptBritain,0,Philippines,z,2,CowboyDan,2,United States,t,,,,,,,,,,,,,,,,,,,,,,,,,,,,,,,,,,,,,,,,,,
02,C,GS2,1,1,,3,1,HellbatKinG,2,United States,t,2,Eleven,1,United States,z,,,,,,,,,,,,,,,,,,,,,,,,,,,,,,,,,,,,,,,,,,
02,C,GS2,2,2,,3,1,Mintycrystal,0,Germany,t,2,Barks,2,Albania,z,,,,,,,,,,,,,,,,,,,,,,,,,,,,,,,,,,,,,,,,,,
02,C,GS2,3,1,,3,1,HellbatKinG,2,United States,t,2,Barks,1,Albania,z,,,,,,,,,,,,,,,,,,,,,,,,,,,,,,,,,,,,,,,,,,
02,C,GS2,4,2,,3,1,Eleven,1,United States,z,2,Mintycrystal,2,Germany,t,,,,,,,,,,,,,,,,,,,,,,,,,,,,,,,,,,,,,,,,,,
02,C,GS2,5,2,,3,1,Barks,0,Albania,z,2,Mintycrystal,2,Germany,t,,,,,,,,,,,,,,,,,,,,,,,,,,,,,,,,,,,,,,,,,,
02,D,GS2,1,1,ff,3,1,Mitchytommy,-1,United States,z,2,Slip,-1,United States,t,,,,,,,,,,,,,,,,,,,,,,,,,,,,,,,,,,,,,,,,,,
02,D,GS2,2,1,,3,1,Levver,2,Israel,z,2,Wizzer,0,United States,z,,,,,,,,,,,,,,,,,,,,,,,,,,,,,,,,,,,,,,,,,,
02,D,GS2,3,2,,3,1,Mitchytommy,0,United States,z,2,Levver,2,Israel,z,,,,,,,,,,,,,,,,,,,,,,,,,,,,,,,,,,,,,,,,,,
02,D,GS2,4,2,,3,1,Slip,1,United States,t,2,Wizzer,2,United States,z,,,,,,,,,,,,,,,,,,,,,,,,,,,,,,,,,,,,,,,,,,
02,D,GS2,5,2,,3,1,Mitchytommy,1,United States,z,2,Wizzer,2,United States,z,,,,,,,,,,,,,,,,,,,,,,,,,,,,,,,,,,,,,,,,,,
03,playoffs,R01,1,1,,5,1,ROY,3,Peru,p,2,Aurigami,1,France,t,,,,,,,,,,,,,,,,,,,,,,,,,,,,,,,,,,,,,,,,,,
03,playoffs,R01,2,1,,5,1,Blade,3,Denmark,t,2,Zanity,0,United States,z,,,,,,,,,,,,,,,,,,,,,,,,,,,,,,,,,,,,,,,,,,
03,playoffs,R01,3,1,,5,1,Miyamoto,3,Peru,p,2,ShuuyiW,0,Canada,t,,,,,,,,,,,,,,,,,,,,,,,,,,,,,,,,,,,,,,,,,,
03,playoffs,R01,4,2,,5,1,Matrixx,0,Poland,p,2,Eleven,3,United States,z,,,,,,,,,,,,,,,,,,,,,,,,,,,,,,,,,,,,,,,,,,
03,playoffs,R02,1,1,,5,1,ROY,3,Peru,p,2,Blade,1,Denmark,t,,,,,,,,,,,,,,,,,,,,,,,,,,,,,,,,,,,,,,,,,,
03,playoffs,R02,2,1,,5,1,Miyamoto,3,Peru,p,2,Matrixx,2,Poland,p,,,,,,,,,,,,,,,,,,,,,,,,,,,,,,,,,,,,,,,,,,
03,playoffs,R03,1,2,,7,1,ROY,2,Peru,p,2,Miyamoto,4,Peru,p,,,,,,,,,,,,,,,,,,,,,,,,,,,,,,,,,,,,,,,,,,
03,playoffs,3rd Place Match,3rd Place Match,1,,5,1,Blade,3,Denmark,t,2,Matrixx,1,Poland,p,,,,,,,,,,,,,,,,,,,,,,,,,,,,,,,,,,,,,,,,,,
03,A,GS1,1,1,,3,1,Blade,2,Denmark,t,2,Lockhead,0,United States,t,,,,,,,,,,,,,,,,,,,,,,,,,,,,,,,,,,,,,,,,,,
03,A,GS1,2,2,,3,1,TheCeLL,1,Canada,z,2,WildAdam,2,United States,t,,,,,,,,,,,,,,,,,,,,,,,,,,,,,,,,,,,,,,,,,,
03,A,GS1,3,1,ff,3,1,Blade,-1,Denmark,t,2,WildAdam,-1,United States,t,,,,,,,,,,,,,,,,,,,,,,,,,,,,,,,,,,,,,,,,,,
03,A,GS1,4,2,,3,1,Lockhead,1,United States,t,2,TheCeLL,2,Canada,z,,,,,,,,,,,,,,,,,,,,,,,,,,,,,,,,,,,,,,,,,,
03,A,GS1,5,2,,3,1,WildAdam,1,United States,t,2,TheCeLL,2,Canada,z,,,,,,,,,,,,,,,,,,,,,,,,,,,,,,,,,,,,,,,,,,
03,B,GS1,1,1,,3,1,Matrixx,2,Poland,p,2,Eleven,0,United States,z,,,,,,,,,,,,,,,,,,,,,,,,,,,,,,,,,,,,,,,,,,
03,B,GS1,2,2,,3,1,DiccCheney,0,United States,p,2,Mako,2,Peru,t,,,,,,,,,,,,,,,,,,,,,,,,,,,,,,,,,,,,,,,,,,
03,B,GS1,3,1,,3,1,Matrixx,2,Poland,p,2,Mako,0,Peru,t,,,,,,,,,,,,,,,,,,,,,,,,,,,,,,,,,,,,,,,,,,
03,B,GS1,4,1,,3,1,Eleven,2,United States,z,2,DiccCheney,0,United States,p,,,,,,,,,,,,,,,,,,,,,,,,,,,,,,,,,,,,,,,,,,
03,B,GS1,5,2,,3,1,Mako,1,Peru,t,2,Eleven,2,United States,z,,,,,,,,,,,,,,,,,,,,,,,,,,,,,,,,,,,,,,,,,,
03,C,GS1,1,2,,3,1,DayTeezy,0,Germany,t,2,Aurigami,2,France,t,,,,,,,,,,,,,,,,,,,,,,,,,,,,,,,,,,,,,,,,,,
03,C,GS1,2,1,,3,1,Perses,2,United States,z,2,GGG,0,Peru,z,,,,,,,,,,,,,,,,,,,,,,,,,,,,,,,,,,,,,,,,,,
03,C,GS1,3,1,,3,1,Aurigami,2,France,t,2,Perses,0,United States,z,,,,,,,,,,,,,,,,,,,,,,,,,,,,,,,,,,,,,,,,,,
03,C,GS1,4,1,,3,1,DayTeezy,2,Germany,t,2,GGG,1,Peru,z,,,,,,,,,,,,,,,,,,,,,,,,,,,,,,,,,,,,,,,,,,
03,C,GS1,5,2,,3,1,Perses,1,United States,z,2,DayTeezy,2,Germany,t,,,,,,,,,,,,,,,,,,,,,,,,,,,,,,,,,,,,,,,,,,
03,D,GS1,1,1,,3,1,MataLeon,2,Germany,p,2,Pardesaa,0,Germany,p,,,,,,,,,,,,,,,,,,,,,,,,,,,,,,,,,,,,,,,,,,
03,D,GS1,2,2,,3,1,Duo,0,United States,t,2,Papapanda,2,Taiwan,z,,,,,,,,,,,,,,,,,,,,,,,,,,,,,,,,,,,,,,,,,,
03,D,GS1,3,2,,3,1,MataLeon,1,Germany,p,2,Papapanda,2,Taiwan,z,,,,,,,,,,,,,,,,,,,,,,,,,,,,,,,,,,,,,,,,,,
03,D,GS1,4,2,,3,1,Pardesaa,1,Germany,p,2,Duo,2,United States,t,,,,,,,,,,,,,,,,,,,,,,,,,,,,,,,,,,,,,,,,,,
03,D,GS1,5,1,,3,1,MataLeon,2,Germany,p,2,Duo,0,United States,t,,,,,,,,,,,,,,,,,,,,,,,,,,,,,,,,,,,,,,,,,,
03,E,GS1,1,2,,3,1,Optixus,0,United States,z,2,Elegacy,2,Argentina,p,,,,,,,,,,,,,,,,,,,,,,,,,,,,,,,,,,,,,,,,,,
03,E,GS1,2,1,,3,1,ROY,2,Peru,p,2,Miyamoto,0,Peru,p,,,,,,,,,,,,,,,,,,,,,,,,,,,,,,,,,,,,,,,,,,
03,E,GS1,3,2,,3,1,Elegacy,0,Argentina,p,2,ROY,2,Peru,p,,,,,,,,,,,,,,,,,,,,,,,,,,,,,,,,,,,,,,,,,,
03,E,GS1,4,2,,3,1,Optixus,0,United States,z,2,Miyamoto,2,Peru,p,,,,,,,,,,,,,,,,,,,,,,,,,,,,,,,,,,,,,,,,,,
03,E,GS1,5,2,,3,1,Elegacy,0,Argentina,p,2,Miyamoto,2,Peru,p,,,,,,,,,,,,,,,,,,,,,,,,,,,,,,,,,,,,,,,,,,
03,F,GS1,1,2,,3,1,Agent,0,United States,p,2,GFG,2,Germany,t,,,,,,,,,,,,,,,,,,,,,,,,,,,,,,,,,,,,,,,,,,
03,F,GS1,2,2,,3,1,MiSChief,0,United States,p,2,Zanity,2,United States,z,,,,,,,,,,,,,,,,,,,,,,,,,,,,,,,,,,,,,,,,,,
03,F,GS1,3,2,,3,1,GFG,0,Germany,t,2,Zanity,2,United States,z,,,,,,,,,,,,,,,,,,,,,,,,,,,,,,,,,,,,,,,,,,
03,F,GS1,4,1,,3,1,Agent,2,United States,p,2,MiSChief,1,United States,p,,,,,,,,,,,,,,,,,,,,,,,,,,,,,,,,,,,,,,,,,,
03,F,GS1,5,1,,3,1,GFG,2,Germany,t,2,Agent,0,United States,p,,,,,,,,,,,,,,,,,,,,,,,,,,,,,,,,,,,,,,,,,,
03,G,GS1,1,1,,3,1,ShuuyiW,2,Canada,t,2,Joetunn,0,United States,p,,,,,,,,,,,,,,,,,,,,,,,,,,,,,,,,,,,,,,,,,,
03,G,GS1,2,2,,3,1,Astral,0,United States,t,2,HellaChaz,2,United States,t,,,,,,,,,,,,,,,,,,,,,,,,,,,,,,,,,,,,,,,,,,
03,G,GS1,3,2,,3,1,ShuuyiW,0,Canada,t,2,HellaChaz,2,United States,t,,,,,,,,,,,,,,,,,,,,,,,,,,,,,,,,,,,,,,,,,,
03,G,GS1,4,2,,3,1,Joetunn,0,United States,p,2,Astral,2,United States,t,,,,,,,,,,,,,,,,,,,,,,,,,,,,,,,,,,,,,,,,,,
03,G,GS1,5,1,ff,3,1,ShuuyiW,-1,Canada,t,2,Astral,-1,United States,t,,,,,,,,,,,,,,,,,,,,,,,,,,,,,,,,,,,,,,,,,,
03,H,GS1,1,2,,3,1,MadMan,1,Germany,p,2,Chad,2,United States,z,,,,,,,,,,,,,,,,,,,,,,,,,,,,,,,,,,,,,,,,,,
03,H,GS1,2,1,,3,1,TaggedOnce,2,Philippines,z,2,CanadianBank,1,Canada,p,,,,,,,,,,,,,,,,,,,,,,,,,,,,,,,,,,,,,,,,,,
03,H,GS1,3,2,,3,1,Chad,1,United States,z,2,TaggedOnce,2,Philippines,z,,,,,,,,,,,,,,,,,,,,,,,,,,,,,,,,,,,,,,,,,,
03,H,GS1,4,1,,3,1,MadMan,2,Germany,p,2,CanadianBank,1,Canada,p,,,,,,,,,,,,,,,,,,,,,,,,,,,,,,,,,,,,,,,,,,
03,H,GS1,5,2,,3,1,Chad,0,United States,z,2,MadMan,2,Germany,p,,,,,,,,,,,,,,,,,,,,,,,,,,,,,,,,,,,,,,,,,,
03,A,GS2,1,1,,3,1,ROY,2,Peru,p,2,MataLeon,0,Germany,p,,,,,,,,,,,,,,,,,,,,,,,,,,,,,,,,,,,,,,,,,,
03,A,GS2,2,2,,3,1,HellaChaz,0,United States,t,2,Eleven,2,United States,z,,,,,,,,,,,,,,,,,,,,,,,,,,,,,,,,,,,,,,,,,,
03,A,GS2,3,1,,3,1,ROY,2,Peru,p,2,Eleven,0,United States,z,,,,,,,,,,,,,,,,,,,,,,,,,,,,,,,,,,,,,,,,,,
03,A,GS2,4,1,,3,1,MataLeon,2,Germany,p,2,HellaChaz,1,United States,t,,,,,,,,,,,,,,,,,,,,,,,,,,,,,,,,,,,,,,,,,,
03,A,GS2,5,1,,3,1,Eleven,2,United States,z,2,MataLeon,0,Germany,p,,,,,,,,,,,,,,,,,,,,,,,,,,,,,,,,,,,,,,,,,,
03,B,GS2,1,2,,3,1,Zanity,0,United States,z,2,Miyamoto,2,Peru,p,,,,,,,,,,,,,,,,,,,,,,,,,,,,,,,,,,,,,,,,,,
03,B,GS2,2,1,,3,1,TaggedOnce,2,Philippines,z,2,DayTeezy,1,Germany,t,,,,,,,,,,,,,,,,,,,,,,,,,,,,,,,,,,,,,,,,,,
03,B,GS2,3,1,,3,1,Miyamoto,2,Peru,p,2,TaggedOnce,1,Philippines,z,,,,,,,,,,,,,,,,,,,,,,,,,,,,,,,,,,,,,,,,,,
03,B,GS2,4,1,ff,3,1,Zanity,-1,United States,z,2,DayTeezy,-1,Germany,t,,,,,,,,,,,,,,,,,,,,,,,,,,,,,,,,,,,,,,,,,,
03,B,GS2,5,2,,3,1,TaggedOnce,1,Philippines,z,2,Zanity,2,United States,z,,,,,,,,,,,,,,,,,,,,,,,,,,,,,,,,,,,,,,,,,,
03,C,GS2,1,2,,3,1,Papapanda,0,Taiwan,z,2,ShuuyiW,2,Canada,t,,,,,,,,,,,,,,,,,,,,,,,,,,,,,,,,,,,,,,,,,,
03,C,GS2,2,1,,3,1,Blade,2,Denmark,t,2,MadMan,0,Germany,p,,,,,,,,,,,,,,,,,,,,,,,,,,,,,,,,,,,,,,,,,,
03,C,GS2,3,2,,3,1,ShuuyiW,0,Canada,t,2,Blade,2,Denmark,t,,,,,,,,,,,,,,,,,,,,,,,,,,,,,,,,,,,,,,,,,,
03,C,GS2,4,1,,3,1,Papapanda,2,Taiwan,z,2,MadMan,0,Germany,p,,,,,,,,,,,,,,,,,,,,,,,,,,,,,,,,,,,,,,,,,,
03,C,GS2,5,1,,3,1,ShuuyiW,2,Canada,t,2,Papapanda,1,Taiwan,z,,,,,,,,,,,,,,,,,,,,,,,,,,,,,,,,,,,,,,,,,,
03,D,GS2,1,1,,3,1,Matrixx,2,Poland,p,2,GFG,0,Germany,t,,,,,,,,,,,,,,,,,,,,,,,,,,,,,,,,,,,,,,,,,,
03,D,GS2,2,1,,3,1,Aurigami,2,France,t,2,TheCeLL,1,Canada,z,,,,,,,,,,,,,,,,,,,,,,,,,,,,,,,,,,,,,,,,,,
03,D,GS2,3,1,,3,1,Matrixx,2,Poland,p,2,Aurigami,1,France,t,,,,,,,,,,,,,,,,,,,,,,,,,,,,,,,,,,,,,,,,,,
03,D,GS2,4,2,,3,1,GFG,1,Germany,t,2,TheCeLL,2,Canada,z,,,,,,,,,,,,,,,,,,,,,,,,,,,,,,,,,,,,,,,,,,
03,D,GS2,5,1,,3,1,Aurigami,2,France,t,2,TheCeLL,0,Canada,z,,,,,,,,,,,,,,,,,,,,,,,,,,,,,,,,,,,,,,,,,,
04,playoffs,R01,1,2,,5,1,Eleven,1,United States,z,2,ROY,3,Peru,p,,,,,,,,,,,,,,,,,,,,,,,,,,,,,,,,,,,,,,,,,,
04,playoffs,R01,2,2,,5,1,MauriceMoss,1,Germany,t,2,Matrixx,3,Poland,p,,,,,,,,,,,,,,,,,,,,,,,,,,,,,,,,,,,,,,,,,,
04,playoffs,R01,3,2,,5,1,GGiovanna,0,Italy,p,2,Aurigami,3,France,t,,,,,,,,,,,,,,,,,,,,,,,,,,,,,,,,,,,,,,,,,,
04,playoffs,R01,4,2,2,5,1,Miyamoto,-1,Peru,p,2,TaggedOnce,-1,Philippines,z,,,,,,,,,,,,,,,,,,,,,,,,,,,,,,,,,,,,,,,,,,
04,playoffs,R02,1,1,,5,1,ROY,3,Peru,p,2,Matrixx,0,Poland,p,,,,,,,,,,,,,,,,,,,,,,,,,,,,,,,,,,,,,,,,,,
04,playoffs,R02,2,1,,5,1,Aurigami,3,France,t,2,TaggedOnce,1,Philippines,z,,,,,,,,,,,,,,,,,,,,,,,,,,,,,,,,,,,,,,,,,,
04,playoffs,R03,1,1,,7,1,ROY,4,Peru,p,2,Aurigami,0,France,t,,,,,,,,,,,,,,,,,,,,,,,,,,,,,,,,,,,,,,,,,,
04,playoffs,3rd Place Match,3rd Place Match,1,,5,1,TaggedOnce,3,Philippines,z,2,Matrixx,0,Poland,p,,,,,,,,,,,,,,,,,,,,,,,,,,,,,,,,,,,,,,,,,,
04,A,GS1,1,1,,3,1,ROY,2,Peru,p,2,Papapanda,0,Taiwan,z,,,,,,,,,,,,,,,,,,,,,,,,,,,,,,,,,,,,,,,,,,
04,A,GS1,2,2,,3,1,Bodybag,0,Croatia,z,2,TheDentist,2,Germany,z,,,,,,,,,,,,,,,,,,,,,,,,,,,,,,,,,,,,,,,,,,
04,A,GS1,3,1,,3,1,ROY,2,Peru,p,2,TheDentist,0,Germany,z,,,,,,,,,,,,,,,,,,,,,,,,,,,,,,,,,,,,,,,,,,
04,A,GS1,4,2,,3,1,Papapanda,1,Taiwan,z,2,Bodybag,2,Croatia,z,,,,,,,,,,,,,,,,,,,,,,,,,,,,,,,,,,,,,,,,,,
04,A,GS1,5,1,,3,1,TheDentist,2,Germany,z,2,Bodybag,0,Croatia,z,,,,,,,,,,,,,,,,,,,,,,,,,,,,,,,,,,,,,,,,,,
04,B,GS1,1,1,,3,1,Aurigami,2,France,t,2,GGG,1,Peru,z,,,,,,,,,,,,,,,,,,,,,,,,,,,,,,,,,,,,,,,,,,
04,B,GS1,2,2,,3,1,Elegacy,1,Argentina,p,2,Thenewthesis,2,United States,z,,,,,,,,,,,,,,,,,,,,,,,,,,,,,,,,,,,,,,,,,,
04,B,GS1,3,1,,3,1,Aurigami,2,France,t,2,Thenewthesis,1,United States,z,,,,,,,,,,,,,,,,,,,,,,,,,,,,,,,,,,,,,,,,,,
04,B,GS1,4,2,ff,3,1,GGG,-1,Peru,z,2,Elegacy,-1,Argentina,p,,,,,,,,,,,,,,,,,,,,,,,,,,,,,,,,,,,,,,,,,,
04,B,GS1,5,2,,3,1,Thenewthesis,1,United States,z,2,Elegacy,2,Argentina,p,,,,,,,,,,,,,,,,,,,,,,,,,,,,,,,,,,,,,,,,,,
04,C,GS1,1,1,ff,3,1,BigDizlBizl,-1,United States,z,2,Deuce,-1,United States,z,,,,,,,,,,,,,,,,,,,,,,,,,,,,,,,,,,,,,,,,,,
04,C,GS1,2,1,,3,1,Eleven,2,United States,z,2,Blade,1,Denmark,t,,,,,,,,,,,,,,,,,,,,,,,,,,,,,,,,,,,,,,,,,,
04,C,GS1,3,2,,3,1,BigDizlBizl,1,United States,z,2,Eleven,2,United States,z,,,,,,,,,,,,,,,,,,,,,,,,,,,,,,,,,,,,,,,,,,
04,C,GS1,4,2,ff,3,1,Deuce,-1,United States,z,2,Blade,-1,Denmark,t,,,,,,,,,,,,,,,,,,,,,,,,,,,,,,,,,,,,,,,,,,
04,C,GS1,5,1,ff,3,1,BigDizlBizl,-1,United States,z,2,Blade,-1,Denmark,t,,,,,,,,,,,,,,,,,,,,,,,,,,,,,,,,,,,,,,,,,,
04,D,GS1,1,1,ff,3,1,TaggedOnce,-1,Philippines,z,2,Rooster,-1,United States,p,,,,,,,,,,,,,,,,,,,,,,,,,,,,,,,,,,,,,,,,,,
04,D,GS1,2,2,,3,1,Mako,1,Peru,t,2,MadMan,2,Germany,p,,,,,,,,,,,,,,,,,,,,,,,,,,,,,,,,,,,,,,,,,,
04,D,GS1,3,1,ff,3,1,TaggedOnce,-1,Philippines,z,2,MadMan,-1,Germany,p,,,,,,,,,,,,,,,,,,,,,,,,,,,,,,,,,,,,,,,,,,
04,D,GS1,4,2,ff,3,1,Rooster,-1,United States,p,2,Mako,-1,Peru,t,,,,,,,,,,,,,,,,,,,,,,,,,,,,,,,,,,,,,,,,,,
04,D,GS1,5,2,,3,1,MadMan,1,Germany,p,2,Mako,2,Peru,t,,,,,,,,,,,,,,,,,,,,,,,,,,,,,,,,,,,,,,,,,,
04,E,GS1,1,2,,3,1,GFG,0,Germany,t,2,Zanity,2,United States,z,,,,,,,,,,,,,,,,,,,,,,,,,,,,,,,,,,,,,,,,,,
04,E,GS1,2,1,,3,1,Matrixx,2,Poland,p,2,Pardesaa,0,Germany,p,,,,,,,,,,,,,,,,,,,,,,,,,,,,,,,,,,,,,,,,,,
04,E,GS1,3,2,,3,1,Zanity,1,United States,z,2,Matrixx,2,Poland,p,,,,,,,,,,,,,,,,,,,,,,,,,,,,,,,,,,,,,,,,,,
04,E,GS1,4,2,,3,1,GFG,0,Germany,t,2,Pardesaa,2,Germany,p,,,,,,,,,,,,,,,,,,,,,,,,,,,,,,,,,,,,,,,,,,
04,E,GS1,5,1,,3,1,Zanity,2,United States,z,2,Pardesaa,0,Germany,p,,,,,,,,,,,,,,,,,,,,,,,,,,,,,,,,,,,,,,,,,,
04,F,GS1,1,2,,3,1,Morgeno,0,Brazil,p,2,Diogenes,2,United States,p,,,,,,,,,,,,,,,,,,,,,,,,,,,,,,,,,,,,,,,,,,
04,F,GS1,2,1,,3,1,GGiovanna,2,Italy,p,2,Duo,0,United States,t,,,,,,,,,,,,,,,,,,,,,,,,,,,,,,,,,,,,,,,,,,
04,F,GS1,3,2,,3,1,Diogenes,0,United States,p,2,GGiovanna,2,Italy,p,,,,,,,,,,,,,,,,,,,,,,,,,,,,,,,,,,,,,,,,,,
04,F,GS1,4,1,,3,1,Morgeno,2,Brazil,p,2,Duo,1,United States,t,,,,,,,,,,,,,,,,,,,,,,,,,,,,,,,,,,,,,,,,,,
04,F,GS1,5,1,,3,1,Diogenes,2,United States,p,2,Morgeno,0,Brazil,p,,,,,,,,,,,,,,,,,,,,,,,,,,,,,,,,,,,,,,,,,,
04,G,GS1,1,2,,3,1,Curiosikey,0,United States,z,2,IMpulse,2,United States,t,,,,,,,,,,,,,,,,,,,,,,,,,,,,,,,,,,,,,,,,,,
04,G,GS1,2,1,,3,1,MauriceMoss,2,Germany,t,2,Alain,0,Mexico,z,,,,,,,,,,,,,,,,,,,,,,,,,,,,,,,,,,,,,,,,,,
04,G,GS1,3,2,,3,1,IMpulse,0,United States,t,2,MauriceMoss,2,Germany,t,,,,,,,,,,,,,,,,,,,,,,,,,,,,,,,,,,,,,,,,,,
04,G,GS1,4,2,,3,1,Curiosikey,1,United States,z,2,Alain,2,Mexico,z,,,,,,,,,,,,,,,,,,,,,,,,,,,,,,,,,,,,,,,,,,
04,G,GS1,5,1,,3,1,IMpulse,2,United States,t,2,Alain,0,Mexico,z,,,,,,,,,,,,,,,,,,,,,,,,,,,,,,,,,,,,,,,,,,
04,H,GS1,1,2,,3,1,Marius,0,Germany,t,2,Miyamoto,2,Peru,p,,,,,,,,,,,,,,,,,,,,,,,,,,,,,,,,,,,,,,,,,,
04,H,GS1,2,1,,3,1,Subtilizer,2,Peru,t,2,HellaChaz,0,United States,t,,,,,,,,,,,,,,,,,,,,,,,,,,,,,,,,,,,,,,,,,,
04,H,GS1,3,1,ff,3,1,Miyamoto,-1,Peru,p,2,Subtilizer,-1,Peru,t,,,,,,,,,,,,,,,,,,,,,,,,,,,,,,,,,,,,,,,,,,
04,H,GS1,4,2,ff,3,1,Marius,-1,Germany,t,2,HellaChaz,-1,United States,t,,,,,,,,,,,,,,,,,,,,,,,,,,,,,,,,,,,,,,,,,,
04,H,GS1,5,1,,3,1,Subtilizer,2,Peru,t,2,HellaChaz,0,United States,t,,,,,,,,,,,,,,,,,,,,,,,,,,,,,,,,,,,,,,,,,,
04,A,GS2,1,1,,3,1,TaggedOnce,2,Philippines,z,2,TheDentist,0,Germany,z,,,,,,,,,,,,,,,,,,,,,,,,,,,,,,,,,,,,,,,,,,
04,A,GS2,2,1,,3,1,Eleven,2,United States,z,2,IMpulse,0,United States,t,,,,,,,,,,,,,,,,,,,,,,,,,,,,,,,,,,,,,,,,,,
04,A,GS2,3,2,,3,1,TaggedOnce,0,Philippines,z,2,Eleven,2,United States,z,,,,,,,,,,,,,,,,,,,,,,,,,,,,,,,,,,,,,,,,,,
04,A,GS2,4,2,,3,1,TheDentist,0,Germany,z,2,IMpulse,2,United States,t,,,,,,,,,,,,,,,,,,,,,,,,,,,,,,,,,,,,,,,,,,
04,A,GS2,5,1,,3,1,TaggedOnce,2,Philippines,z,2,IMpulse,1,United States,t,,,,,,,,,,,,,,,,,,,,,,,,,,,,,,,,,,,,,,,,,,
04,B,GS2,1,1,,3,1,Matrixx,2,Poland,p,2,Subtilizer,0,Peru,t,,,,,,,,,,,,,,,,,,,,,,,,,,,,,,,,,,,,,,,,,,
04,B,GS2,2,1,ff,3,1,GGiovanna,-1,Italy,p,2,Elegacy,-1,Argentina,p,,,,,,,,,,,,,,,,,,,,,,,,,,,,,,,,,,,,,,,,,,
04,B,GS2,3,2,,3,1,Matrixx,1,Poland,p,2,GGiovanna,2,Italy,p,,,,,,,,,,,,,,,,,,,,,,,,,,,,,,,,,,,,,,,,,,
04,B,GS2,4,1,,3,1,Subtilizer,2,Peru,t,2,Elegacy,0,Argentina,p,,,,,,,,,,,,,,,,,,,,,,,,,,,,,,,,,,,,,,,,,,
04,B,GS2,5,1,,3,1,Matrixx,2,Poland,p,2,Subtilizer,0,Peru,t,,,,,,,,,,,,,,,,,,,,,,,,,,,,,,,,,,,,,,,,,,
04,C,GS2,1,1,,3,1,MauriceMoss,2,Germany,t,2,BigDizlBizl,0,United States,z,,,,,,,,,,,,,,,,,,,,,,,,,,,,,,,,,,,,,,,,,,
04,C,GS2,2,2,,3,1,Aurigami,1,France,t,2,Diogenes,2,United States,p,,,,,,,,,,,,,,,,,,,,,,,,,,,,,,,,,,,,,,,,,,
04,C,GS2,3,1,,3,1,MauriceMoss,2,Germany,t,2,Diogenes,1,United States,p,,,,,,,,,,,,,,,,,,,,,,,,,,,,,,,,,,,,,,,,,,
04,C,GS2,4,2,,3,1,BigDizlBizl,0,United States,z,2,Aurigami,2,France,t,,,,,,,,,,,,,,,,,,,,,,,,,,,,,,,,,,,,,,,,,,
04,C,GS2,5,2,,3,1,Diogenes,0,United States,p,2,Aurigami,2,France,t,,,,,,,,,,,,,,,,,,,,,,,,,,,,,,,,,,,,,,,,,,
04,D,GS2,1,2,,3,1,ROY,1,Peru,p,2,Mako,2,Peru,t,,,,,,,,,,,,,,,,,,,,,,,,,,,,,,,,,,,,,,,,,,
04,D,GS2,2,1,,3,1,Miyamoto,2,Peru,p,2,Zanity,0,United States,z,,,,,,,,,,,,,,,,,,,,,,,,,,,,,,,,,,,,,,,,,,
04,D,GS2,3,2,,3,1,Mako,0,Peru,t,2,Miyamoto,2,Peru,p,,,,,,,,,,,,,,,,,,,,,,,,,,,,,,,,,,,,,,,,,,
04,D,GS2,4,1,,3,1,ROY,2,Peru,p,2,Zanity,0,United States,z,,,,,,,,,,,,,,,,,,,,,,,,,,,,,,,,,,,,,,,,,,
04,D,GS2,5,2,,3,1,Mako,0,Peru,t,2,ROY,2,Peru,p,,,,,,,,,,,,,,,,,,,,,,,,,,,,,,,,,,,,,,,,,,
05,A,GS1,1,1,,3,1,Leever,2,Israel,z,2,Kenosua,0,Singapore,p,,,,,,,,,,,,,,,,,,,,,,,,,,,,,,,,,,,,,,,,,,
05,A,GS1,2,1,,3,1,GGiovanna,2,Italy,p,2,Pch,0,United States,z,,,,,,,,,,,,,,,,,,,,,,,,,,,,,,,,,,,,,,,,,,
05,A,GS1,3,1,,3,1,Leever,2,Israel,z,2,GGiovanna,0,Italy,p,,,,,,,,,,,,,,,,,,,,,,,,,,,,,,,,,,,,,,,,,,
05,A,GS1,4,1,,3,1,Kenosua,2,Singapore,p,2,Pch,1,United States,z,,,,,,,,,,,,,,,,,,,,,,,,,,,,,,,,,,,,,,,,,,
05,A,GS1,5,1,,3,1,GGiovanna,2,Italy,p,2,Kenosua,0,Singapore,p,,,,,,,,,,,,,,,,,,,,,,,,,,,,,,,,,,,,,,,,,,
05,B,GS1,1,1,,3,1,EsReveR,2,United States,z,2,Wayfarer,0,United Kingdom,t,,,,,,,,,,,,,,,,,,,,,,,,,,,,,,,,,,,,,,,,,,
05,B,GS1,2,1,,3,1,ROY,2,Peru,p,2,Lemonio,0,United States,z,,,,,,,,,,,,,,,,,,,,,,,,,,,,,,,,,,,,,,,,,,
05,B,GS1,3,2,,3,1,EsReveR,0,United States,z,2,ROY,2,Peru,p,,,,,,,,,,,,,,,,,,,,,,,,,,,,,,,,,,,,,,,,,,
05,B,GS1,4,2,ff,3,1,Wayfarer,-1,United Kingdom,t,2,Lemonio,-1,United States,z,,,,,,,,,,,,,,,,,,,,,,,,,,,,,,,,,,,,,,,,,,
05,B,GS1,5,1,,3,1,EsReveR,2,United States,z,2,Lemonio,1,United States,z,,,,,,,,,,,,,,,,,,,,,,,,,,,,,,,,,,,,,,,,,,
05,C,GS1,1,1,ff,3,1,Blade,-1,Denmark,t,2,GFG,-1,Germany,t,,,,,,,,,,,,,,,,,,,,,,,,,,,,,,,,,,,,,,,,,,
05,C,GS1,2,2,,3,1,Papapanda,0,Taiwan,z,2,Mastermind,2,United States,z,,,,,,,,,,,,,,,,,,,,,,,,,,,,,,,,,,,,,,,,,,
05,C,GS1,3,1,,3,1,Blade,2,Denmark,t,2,Mastermind,1,United States,z,,,,,,,,,,,,,,,,,,,,,,,,,,,,,,,,,,,,,,,,,,
05,C,GS1,4,2,,3,1,GFG,0,Germany,t,2,Papapanda,2,Taiwan,z,,,,,,,,,,,,,,,,,,,,,,,,,,,,,,,,,,,,,,,,,,
05,C,GS1,5,1,,3,1,Mastermind,2,United States,z,2,Papapanda,0,Taiwan,z,,,,,,,,,,,,,,,,,,,,,,,,,,,,,,,,,,,,,,,,,,
05,D,GS1,1,2,,3,1,Wuigi,0,Germany,t,2,Javeeen,2,United States,t,,,,,,,,,,,,,,,,,,,,,,,,,,,,,,,,,,,,,,,,,,
05,D,GS1,2,1,,3,1,Harokku,2,France,z,2,Alain,0,Mexico,z,,,,,,,,,,,,,,,,,,,,,,,,,,,,,,,,,,,,,,,,,,
05,D,GS1,3,2,,3,1,Javeeen,0,United States,t,2,Harokku,2,France,z,,,,,,,,,,,,,,,,,,,,,,,,,,,,,,,,,,,,,,,,,,
05,D,GS1,4,2,,3,1,Wuigi,0,Germany,t,2,Alain,2,Mexico,z,,,,,,,,,,,,,,,,,,,,,,,,,,,,,,,,,,,,,,,,,,
05,D,GS1,5,2,,3,1,Javeeen,1,United States,t,2,Alain,2,Mexico,z,,,,,,,,,,,,,,,,,,,,,,,,,,,,,,,,,,,,,,,,,,
05,E,GS1,1,2,,3,1,LegolandMan,1,Israel,p,2,YourBroChris,2,Norway,t,,,,,,,,,,,,,,,,,,,,,,,,,,,,,,,,,,,,,,,,,,
05,E,GS1,2,2,,3,1,Dunkmaster,0,Germany,z,2,Shiny,2,Canada,z,,,,,,,,,,,,,,,,,,,,,,,,,,,,,,,,,,,,,,,,,,
05,E,GS1,3,1,,3,1,YourBroChris,2,Norway,t,2,Shiny,1,Canada,z,,,,,,,,,,,,,,,,,,,,,,,,,,,,,,,,,,,,,,,,,,
05,E,GS1,4,1,ff,3,1,LegolandMan,-1,Israel,p,2,Dunkmaster,-1,Germany,z,,,,,,,,,,,,,,,,,,,,,,,,,,,,,,,,,,,,,,,,,,
05,E,GS1,5,1,,3,1,Shiny,2,Canada,z,2,LegolandMan,0,Israel,p,,,,,,,,,,,,,,,,,,,,,,,,,,,,,,,,,,,,,,,,,,
05,F,GS1,1,1,,3,1,Hechi,2,China,p,2,Jsh,0,United States,t,,,,,,,,,,,,,,,,,,,,,,,,,,,,,,,,,,,,,,,,,,
05,F,GS1,2,1,,3,1,Matrixx,2,Poland,p,2,Maffer,1,Brazil,t,,,,,,,,,,,,,,,,,,,,,,,,,,,,,,,,,,,,,,,,,,
05,F,GS1,3,2,,3,1,Hechi,0,China,p,2,Matrixx,2,Poland,p,,,,,,,,,,,,,,,,,,,,,,,,,,,,,,,,,,,,,,,,,,
05,F,GS1,4,2,,3,1,Jsh,0,United States,t,2,Maffer,2,Brazil,t,,,,,,,,,,,,,,,,,,,,,,,,,,,,,,,,,,,,,,,,,,
05,F,GS1,5,2,,3,1,Hechi,0,China,p,2,Maffer,2,Brazil,t,,,,,,,,,,,,,,,,,,,,,,,,,,,,,,,,,,,,,,,,,,
05,G,GS1,1,2,,3,1,MuleBoy,0,United States,z,2,WiseMan,2,United Kingdom,z,,,,,,,,,,,,,,,,,,,,,,,,,,,,,,,,,,,,,,,,,,
05,G,GS1,2,2,,3,1,Babylon,0,France,p,2,Defiance,2,United States,t,,,,,,,,,,,,,,,,,,,,,,,,,,,,,,,,,,,,,,,,,,
05,G,GS1,3,1,,3,1,WiseMan,2,United Kingdom,z,2,Defiance,0,United States,t,,,,,,,,,,,,,,,,,,,,,,,,,,,,,,,,,,,,,,,,,,
05,G,GS1,4,1,,3,1,MuleBoy,2,United States,z,2,Babylon,0,France,p,,,,,,,,,,,,,,,,,,,,,,,,,,,,,,,,,,,,,,,,,,
05,G,GS1,5,2,,3,1,Defiance,0,United States,t,2,MuleBoy,2,United States,z,,,,,,,,,,,,,,,,,,,,,,,,,,,,,,,,,,,,,,,,,,
05,H,GS1,1,2,,3,1,Vales,1,United Kingdom,t,2,Elegacy,2,Argentina,p,,,,,,,,,,,,,,,,,,,,,,,,,,,,,,,,,,,,,,,,,,
05,H,GS1,2,1,,3,1,Eleven,2,United States,z,2,Mist,0,United States,z,,,,,,,,,,,,,,,,,,,,,,,,,,,,,,,,,,,,,,,,,,
05,H,GS1,3,2,,3,1,Elegacy,0,Argentina,p,2,Eleven,2,United States,z,,,,,,,,,,,,,,,,,,,,,,,,,,,,,,,,,,,,,,,,,,
05,H,GS1,4,1,,3,1,Vales,2,United Kingdom,t,2,Mist,1,United States,z,,,,,,,,,,,,,,,,,,,,,,,,,,,,,,,,,,,,,,,,,,
05,H,GS1,5,1,,3,1,Elegacy,2,Argentina,p,2,Vales,0,United Kingdom,t,,,,,,,,,,,,,,,,,,,,,,,,,,,,,,,,,,,,,,,,,,
05,A,GS2,1,1,,3,1,Eleven,2,United States,z,2,Alain,1,Mexico,z,,,,,,,,,,,,,,,,,,,,,,,,,,,,,,,,,,,,,,,,,,
05,A,GS2,2,2,,3,1,Matrixx,1,Poland,p,2,Shiny,2,Canada,z,,,,,,,,,,,,,,,,,,,,,,,,,,,,,,,,,,,,,,,,,,
05,A,GS2,3,2,,3,1,Eleven,1,United States,z,2,Shiny,2,Canada,z,,,,,,,,,,,,,,,,,,,,,,,,,,,,,,,,,,,,,,,,,,
05,A,GS2,4,2,,3,1,Alain,1,Mexico,z,2,Matrixx,2,Poland,p,,,,,,,,,,,,,,,,,,,,,,,,,,,,,,,,,,,,,,,,,,
05,A,GS2,5,2,,3,1,Eleven,0,United States,z,2,Matrixx,2,Poland,p,,,,,,,,,,,,,,,,,,,,,,,,,,,,,,,,,,,,,,,,,,
05,B,GS2,1,2,,3,1,Leever,1,Israel,z,2,EsReveR,2,United States,z,,,,,,,,,,,,,,,,,,,,,,,,,,,,,,,,,,,,,,,,,,
05,B,GS2,2,2,,3,1,YourBroChris,1,Norway,t,2,Mastermind,2,United States,z,,,,,,,,,,,,,,,,,,,,,,,,,,,,,,,,,,,,,,,,,,
05,B,GS2,3,2,,3,1,EsReveR,1,United States,z,2,Mastermind,2,United States,z,,,,,,,,,,,,,,,,,,,,,,,,,,,,,,,,,,,,,,,,,,
05,B,GS2,4,1,ff,3,1,Leever,-1,Israel,z,2,YourBroChris,-1,Norway,t,,,,,,,,,,,,,,,,,,,,,,,,,,,,,,,,,,,,,,,,,,
05,B,GS2,5,2,,3,1,EsReveR,1,United States,z,2,Leever,2,Israel,z,,,,,,,,,,,,,,,,,,,,,,,,,,,,,,,,,,,,,,,,,,
05,C,GS2,1,1,,3,1,ROY,2,Peru,p,2,GGiovanna,1,Italy,p,,,,,,,,,,,,,,,,,,,,,,,,,,,,,,,,,,,,,,,,,,
05,C,GS2,2,2,,3,1,Blade,0,Denmark,t,2,MuleBoy,2,United States,z,,,,,,,,,,,,,,,,,,,,,,,,,,,,,,,,,,,,,,,,,,
05,C,GS2,3,1,,3,1,ROY,2,Peru,p,2,MuleBoy,0,United States,z,,,,,,,,,,,,,,,,,,,,,,,,,,,,,,,,,,,,,,,,,,
05,C,GS2,4,2,,3,1,GGiovanna,0,Italy,p,2,Blade,2,Denmark,t,,,,,,,,,,,,,,,,,,,,,,,,,,,,,,,,,,,,,,,,,,
05,C,GS2,5,1,,3,1,MuleBoy,2,United States,z,2,Blade,0,Denmark,t,,,,,,,,,,,,,,,,,,,,,,,,,,,,,,,,,,,,,,,,,,
05,D,GS2,1,2,,3,1,WiseMan,1,United Kingdom,z,2,Elegacy,2,Argentina,p,,,,,,,,,,,,,,,,,,,,,,,,,,,,,,,,,,,,,,,,,,
05,D,GS2,2,1,,3,1,Harokku,2,France,z,2,Maffer,0,Brazil,t,,,,,,,,,,,,,,,,,,,,,,,,,,,,,,,,,,,,,,,,,,
05,D,GS2,3,2,,3,1,Elegacy,0,Argentina,p,2,Harokku,2,France,z,,,,,,,,,,,,,,,,,,,,,,,,,,,,,,,,,,,,,,,,,,
05,D,GS2,4,1,,3,1,WiseMan,2,United Kingdom,z,2,Maffer,1,Brazil,t,,,,,,,,,,,,,,,,,,,,,,,,,,,,,,,,,,,,,,,,,,
05,D,GS2,5,1,,3,1,Elegacy,2,Argentina,p,2,WiseMan,1,United Kingdom,z,,,,,,,,,,,,,,,,,,,,,,,,,,,,,,,,,,,,,,,,,,
05,playoffs,R01,1,1,,5,1,Shiny,3,Canada,z,2,Elegacy,1,Argentina,p,,,,,,,,,,,,,,,,,,,,,,,,,,,,,,,,,,,,,,,,,,
05,playoffs,R01,2,1,,5,1,ROY,3,Peru,p,2,Leever,1,Israel,z,,,,,,,,,,,,,,,,,,,,,,,,,,,,,,,,,,,,,,,,,,
05,playoffs,R01,3,1,,5,1,Mastermind,3,United States,z,2,MuleBoy,1,United States,z,,,,,,,,,,,,,,,,,,,,,,,,,,,,,,,,,,,,,,,,,,
05,playoffs,R01,4,2,,5,1,Harokku,0,France,z,2,Matrixx,3,Poland,p,,,,,,,,,,,,,,,,,,,,,,,,,,,,,,,,,,,,,,,,,,
05,playoffs,R02,1,2,,5,1,Shiny,1,Canada,z,2,ROY,3,Peru,p,,,,,,,,,,,,,,,,,,,,,,,,,,,,,,,,,,,,,,,,,,
05,playoffs,R02,2,2,,5,1,Mastermind,1,United States,z,2,Matrixx,3,Poland,p,,,,,,,,,,,,,,,,,,,,,,,,,,,,,,,,,,,,,,,,,,
05,playoffs,R03,1,1,,7,1,ROY,4,Peru,p,2,Matrixx,1,Poland,p,,,,,,,,,,,,,,,,,,,,,,,,,,,,,,,,,,,,,,,,,,
05,playoffs,3rd Place Match,3rd Place Match,1,,7,1,Shiny,4,Canada,z,2,Mastermind,1,United States,z,,,,,,,,,,,,,,,,,,,,,,,,,,,,,,,,,,,,,,,,,,
06,A,GS1,1,1,,3,1,Matheus,2,Brazil,z,2,Eleven,1,United States,z,,,,,,,,,,,,,,,,,,,,,,,,,,,,,,,,,,,,,,,,,,
06,A,GS1,2,1,,3,1,Shiny,2,Canada,z,2,MuleBoy,0,United States,z,,,,,,,,,,,,,,,,,,,,,,,,,,,,,,,,,,,,,,,,,,
06,A,GS1,3,2,,3,1,Matheus,0,Brazil,z,2,Shiny,2,Canada,z,,,,,,,,,,,,,,,,,,,,,,,,,,,,,,,,,,,,,,,,,,
06,A,GS1,4,1,,3,1,Eleven,2,United States,z,2,MuleBoy,0,United States,z,,,,,,,,,,,,,,,,,,,,,,,,,,,,,,,,,,,,,,,,,,
06,A,GS1,5,2,,3,1,Matheus,0,Brazil,z,2,Eleven,2,United States,z,,,,,,,,,,,,,,,,,,,,,,,,,,,,,,,,,,,,,,,,,,
06,B,GS1,1,2,,3,1,Arckis,0,Brazil,p,2,YourBroChris,2,Norway,t,,,,,,,,,,,,,,,,,,,,,,,,,,,,,,,,,,,,,,,,,,
06,B,GS1,2,2,,3,1,Demerzel,0,United Kingdom,p,2,ROY,2,Peru,p,,,,,,,,,,,,,,,,,,,,,,,,,,,,,,,,,,,,,,,,,,
06,B,GS1,3,2,,3,1,YourBroChris,0,Norway,t,2,ROY,2,Peru,p,,,,,,,,,,,,,,,,,,,,,,,,,,,,,,,,,,,,,,,,,,
06,B,GS1,4,2,ff,3,1,Arckis,-1,Brazil,p,2,Demerzel,-1,United Kingdom,p,,,,,,,,,,,,,,,,,,,,,,,,,,,,,,,,,,,,,,,,,,
06,B,GS1,5,1,,3,1,YourBroChris,2,Norway,t,2,Demerzel,0,United Kingdom,p,,,,,,,,,,,,,,,,,,,,,,,,,,,,,,,,,,,,,,,,,,
06,C,GS1,1,2,,3,1,Ace,1,Canada,t,2,BlueKnight,2,Bosnia and Herzegovina,t,,,,,,,,,,,,,,,,,,,,,,,,,,,,,,,,,,,,,,,,,,
06,C,GS1,2,1,,3,1,Elegacy,2,Argentina,p,2,Maffer,0,Brazil,t,,,,,,,,,,,,,,,,,,,,,,,,,,,,,,,,,,,,,,,,,,
06,C,GS1,3,2,,3,1,BlueKnight,1,Bosnia and Herzegovina,t,2,Elegacy,2,Argentina,p,,,,,,,,,,,,,,,,,,,,,,,,,,,,,,,,,,,,,,,,,,
06,C,GS1,4,1,,3,1,Ace,2,Canada,t,2,Maffer,1,Brazil,t,,,,,,,,,,,,,,,,,,,,,,,,,,,,,,,,,,,,,,,,,,
06,C,GS1,5,2,,3,1,BlueKnight,1,Bosnia and Herzegovina,t,2,Ace,2,Canada,t,,,,,,,,,,,,,,,,,,,,,,,,,,,,,,,,,,,,,,,,,,
06,D,GS1,1,1,,3,1,Papapanda,2,Taiwan,z,2,Vales,1,United Kingdom,t,,,,,,,,,,,,,,,,,,,,,,,,,,,,,,,,,,,,,,,,,,
06,D,GS1,2,2,,3,1,WiseMan,1,United Kingdom,z,2,RumbleRandy,2,United States,t,,,,,,,,,,,,,,,,,,,,,,,,,,,,,,,,,,,,,,,,,,
06,D,GS1,3,1,,3,1,Papapanda,2,Taiwan,z,2,RumbleRandy,0,United States,t,,,,,,,,,,,,,,,,,,,,,,,,,,,,,,,,,,,,,,,,,,
06,D,GS1,4,2,,3,1,Vales,0,United Kingdom,t,2,WiseMan,2,United Kingdom,z,,,,,,,,,,,,,,,,,,,,,,,,,,,,,,,,,,,,,,,,,,
06,D,GS1,5,2,,3,1,RumbleRandy,0,United States,t,2,WiseMan,2,United Kingdom,z,,,,,,,,,,,,,,,,,,,,,,,,,,,,,,,,,,,,,,,,,,
06,E,GS1,1,2,,3,1,Youssef,0,United States,p,2,Harokku,2,France,z,,,,,,,,,,,,,,,,,,,,,,,,,,,,,,,,,,,,,,,,,,
06,E,GS1,2,1,,3,1,Storm,2,United States,p,2,Ame,0,Peru,z,,,,,,,,,,,,,,,,,,,,,,,,,,,,,,,,,,,,,,,,,,
06,E,GS1,3,1,,3,1,Harokku,2,France,z,2,Storm,0,United States,p,,,,,,,,,,,,,,,,,,,,,,,,,,,,,,,,,,,,,,,,,,
06,E,GS1,4,1,,3,1,Youssef,2,United States,p,2,Ame,1,Peru,z,,,,,,,,,,,,,,,,,,,,,,,,,,,,,,,,,,,,,,,,,,
06,E,GS1,5,1,,3,1,Storm,2,United States,p,2,Youssef,1,United States,p,,,,,,,,,,,,,,,,,,,,,,,,,,,,,,,,,,,,,,,,,,
06,F,GS1,1,2,,3,1,Shadowaxis,0,Canada,p,2,Mist,2,United States,z,,,,,,,,,,,,,,,,,,,,,,,,,,,,,,,,,,,,,,,,,,
06,F,GS1,2,2,,3,1,DiccCheney,0,United States,p,2,TheCeLL,2,Canada,z,,,,,,,,,,,,,,,,,,,,,,,,,,,,,,,,,,,,,,,,,,
06,F,GS1,3,1,,3,1,Mist,2,United States,z,2,TheCeLL,1,Canada,z,,,,,,,,,,,,,,,,,,,,,,,,,,,,,,,,,,,,,,,,,,
06,F,GS1,4,1,,3,1,Shadowaxis,2,Canada,p,2,DiccCheney,0,United States,p,,,,,,,,,,,,,,,,,,,,,,,,,,,,,,,,,,,,,,,,,,
06,F,GS1,5,2,,3,1,TheCeLL,1,Canada,z,2,Shadowaxis,2,Canada,p,,,,,,,,,,,,,,,,,,,,,,,,,,,,,,,,,,,,,,,,,,
06,G,GS1,1,2,,3,1,GFG,0,Germany,t,2,LegolandMan,2,Israel,p,,,,,,,,,,,,,,,,,,,,,,,,,,,,,,,,,,,,,,,,,,
06,G,GS1,2,1,,3,1,ReaLiTy,2,United States,t,2,Sherpard,0,Peru,p,,,,,,,,,,,,,,,,,,,,,,,,,,,,,,,,,,,,,,,,,,
06,G,GS1,3,2,,3,1,LegolandMan,0,Israel,p,2,ReaLiTy,2,United States,t,,,,,,,,,,,,,,,,,,,,,,,,,,,,,,,,,,,,,,,,,,
06,G,GS1,4,1,,3,1,GFG,2,Germany,t,2,Sherpard,0,Peru,p,,,,,,,,,,,,,,,,,,,,,,,,,,,,,,,,,,,,,,,,,,
06,G,GS1,5,2,,3,1,LegolandMan,0,Israel,p,2,GFG,2,Germany,t,,,,,,,,,,,,,,,,,,,,,,,,,,,,,,,,,,,,,,,,,,
06,H,GS1,1,2,,3,1,Kenosua,1,Singapore,p,2,Agent,2,United States,p,,,,,,,,,,,,,,,,,,,,,,,,,,,,,,,,,,,,,,,,,,
06,H,GS1,2,1,,3,1,Mag,2,Denmark,t,2,MadMan,0,Germany,p,,,,,,,,,,,,,,,,,,,,,,,,,,,,,,,,,,,,,,,,,,
06,H,GS1,3,2,,3,1,Agent,0,United States,p,2,Mag,2,Denmark,t,,,,,,,,,,,,,,,,,,,,,,,,,,,,,,,,,,,,,,,,,,
06,H,GS1,4,2,ff,3,1,Kenosua,-1,Singapore,p,2,MadMan,-1,Germany,p,,,,,,,,,,,,,,,,,,,,,,,,,,,,,,,,,,,,,,,,,,
06,H,GS1,5,2,,3,1,Agent,1,United States,p,2,MadMan,2,Germany,p,,,,,,,,,,,,,,,,,,,,,,,,,,,,,,,,,,,,,,,,,,
06,A,GS2,1,1,ff,3,1,ROY,-1,Peru,p,2,MadMan,-1,Germany,p,,,,,,,,,,,,,,,,,,,,,,,,,,,,,,,,,,,,,,,,,,
06,A,GS2,2,1,,3,1,Ace,2,Canada,t,2,Shadowaxis,1,Canada,p,,,,,,,,,,,,,,,,,,,,,,,,,,,,,,,,,,,,,,,,,,
06,A,GS2,3,1,,3,1,ROY,2,Peru,p,2,Ace,0,Canada,t,,,,,,,,,,,,,,,,,,,,,,,,,,,,,,,,,,,,,,,,,,
06,A,GS2,4,2,ff,3,1,MadMan,-1,Germany,p,2,Shadowaxis,-1,Canada,p,,,,,,,,,,,,,,,,,,,,,,,,,,,,,,,,,,,,,,,,,,
06,A,GS2,5,1,,3,1,Ace,2,Canada,t,2,Shadowaxis,0,Canada,p,,,,,,,,,,,,,,,,,,,,,,,,,,,,,,,,,,,,,,,,,,
06,B,GS2,1,2,,3,1,Eleven,0,United States,z,2,ReaLiTy,2,United States,t,,,,,,,,,,,,,,,,,,,,,,,,,,,,,,,,,,,,,,,,,,
06,B,GS2,2,2,,3,1,Mist,1,United States,z,2,Harokku,2,France,z,,,,,,,,,,,,,,,,,,,,,,,,,,,,,,,,,,,,,,,,,,
06,B,GS2,3,1,,3,1,ReaLiTy,2,United States,t,2,Harokku,1,France,z,,,,,,,,,,,,,,,,,,,,,,,,,,,,,,,,,,,,,,,,,,
06,B,GS2,4,1,,3,1,Eleven,2,United States,z,2,Mist,0,United States,z,,,,,,,,,,,,,,,,,,,,,,,,,,,,,,,,,,,,,,,,,,
06,B,GS2,5,1,,3,1,Harokku,2,France,z,2,Eleven,1,United States,z,,,,,,,,,,,,,,,,,,,,,,,,,,,,,,,,,,,,,,,,,,
06,C,GS2,1,2,,3,1,Elegacy,0,Argentina,p,2,WiseMan,2,United Kingdom,z,,,,,,,,,,,,,,,,,,,,,,,,,,,,,,,,,,,,,,,,,,
06,C,GS2,2,1,,3,1,YourBroChris,2,Norway,t,2,Shiny,0,Canada,z,,,,,,,,,,,,,,,,,,,,,,,,,,,,,,,,,,,,,,,,,,
06,C,GS2,3,1,,3,1,WiseMan,2,United Kingdom,z,2,YourBroChris,0,Norway,t,,,,,,,,,,,,,,,,,,,,,,,,,,,,,,,,,,,,,,,,,,
06,C,GS2,4,1,,3,1,Elegacy,2,Argentina,p,2,Shiny,0,Canada,z,,,,,,,,,,,,,,,,,,,,,,,,,,,,,,,,,,,,,,,,,,
06,C,GS2,5,2,,3,1,YourBroChris,0,Norway,t,2,Elegacy,2,Argentina,p,,,,,,,,,,,,,,,,,,,,,,,,,,,,,,,,,,,,,,,,,,
06,D,GS2,1,1,,3,1,Papapanda,2,Taiwan,z,2,GFG,1,Germany,t,,,,,,,,,,,,,,,,,,,,,,,,,,,,,,,,,,,,,,,,,,
06,D,GS2,2,2,,3,1,Storm,1,United States,p,2,Mag,2,Denmark,t,,,,,,,,,,,,,,,,,,,,,,,,,,,,,,,,,,,,,,,,,,
06,D,GS2,3,2,,3,1,Papapanda,0,Taiwan,z,2,Mag,2,Denmark,t,,,,,,,,,,,,,,,,,,,,,,,,,,,,,,,,,,,,,,,,,,
06,D,GS2,4,2,,3,1,GFG,0,Germany,t,2,Storm,2,United States,p,,,,,,,,,,,,,,,,,,,,,,,,,,,,,,,,,,,,,,,,,,
06,D,GS2,5,2,,3,1,Papapanda,1,Taiwan,z,2,Storm,2,United States,p,,,,,,,,,,,,,,,,,,,,,,,,,,,,,,,,,,,,,,,,,,
06,playoffs,R01,1,2,,5,1,ROY,2,Peru,p,2,Storm,3,United States,p,,,,,,,,,,,,,,,,,,,,,,,,,,,,,,,,,,,,,,,,,,
06,playoffs,R01,2,2,,5,1,WiseMan,1,United Kingdom,z,2,Harokku,3,France,z,,,,,,,,,,,,,,,,,,,,,,,,,,,,,,,,,,,,,,,,,,
06,playoffs,R01,3,2,,5,1,ReaLiTy,1,United States,t,2,Elegacy,3,Argentina,p,,,,,,,,,,,,,,,,,,,,,,,,,,,,,,,,,,,,,,,,,,
06,playoffs,R01,4,1,,5,1,Mag,3,Denmark,t,2,Ace,2,Canada,t,,,,,,,,,,,,,,,,,,,,,,,,,,,,,,,,,,,,,,,,,,
06,playoffs,R02,1,2,,5,1,Storm,1,United States,p,2,Harokku,3,France,z,,,,,,,,,,,,,,,,,,,,,,,,,,,,,,,,,,,,,,,,,,
06,playoffs,R02,2,2,,5,1,Elegacy,0,Argentina,p,2,Mag,3,Denmark,t,,,,,,,,,,,,,,,,,,,,,,,,,,,,,,,,,,,,,,,,,,
06,playoffs,R03,1,1,,7,1,Harokku,4,France,z,2,Mag,3,Denmark,t,,,,,,,,,,,,,,,,,,,,,,,,,,,,,,,,,,,,,,,,,,
06,playoffs,3rd Place Match,3rd Place Match,1,,5,1,Storm,3,United States,p,2,Elegacy,0,Argentina,p,,,,,,,,,,,,,,,,,,,,,,,,,,,,,,,,,,,,,,,,,,
07,A,GS1,1,1,,3,1,Lunarium,2,Brazil,p,2,Cheoklate,0,Singapore,t,,,,,,,,,,,,,,,,,,,,,,,,,,,,,,,,,,,,,,,,,,
07,A,GS1,2,1,,3,1,Ame,2,Peru,z,2,GFG,0,Germany,t,,,,,,,,,,,,,,,,,,,,,,,,,,,,,,,,,,,,,,,,,,
07,A,GS1,3,1,,3,1,Lunarium,2,Brazil,p,2,Ame,1,Peru,z,,,,,,,,,,,,,,,,,,,,,,,,,,,,,,,,,,,,,,,,,,
07,A,GS1,4,1,,3,1,Cheoklate,2,Singapore,t,2,GFG,0,Germany,t,,,,,,,,,,,,,,,,,,,,,,,,,,,,,,,,,,,,,,,,,,
07,A,GS1,5,1,,3,1,Ame,2,Peru,z,2,Cheoklate,1,Singapore,t,,,,,,,,,,,,,,,,,,,,,,,,,,,,,,,,,,,,,,,,,,
07,B,GS1,1,1,,3,1,Matrixx,2,Poland,z,2,Sherpard,0,Peru,p,,,,,,,,,,,,,,,,,,,,,,,,,,,,,,,,,,,,,,,,,,
07,B,GS1,2,1,,3,1,Storm,2,United States,p,2,Mitchytommy,1,United States,z,,,,,,,,,,,,,,,,,,,,,,,,,,,,,,,,,,,,,,,,,,
07,B,GS1,3,1,,3,1,Matrixx,2,Poland,z,2,Storm,1,United States,p,,,,,,,,,,,,,,,,,,,,,,,,,,,,,,,,,,,,,,,,,,
07,B,GS1,4,2,,3,1,Sherpard,1,Peru,p,2,Mitchytommy,2,United States,z,,,,,,,,,,,,,,,,,,,,,,,,,,,,,,,,,,,,,,,,,,
07,B,GS1,5,1,,3,1,Storm,2,United States,p,2,Mitchytommy,0,United States,z,,,,,,,,,,,,,,,,,,,,,,,,,,,,,,,,,,,,,,,,,,
07,C,GS1,1,2,,3,1,GGiovanna,0,Italy,p,2,LegolandMan,2,Israel,p,,,,,,,,,,,,,,,,,,,,,,,,,,,,,,,,,,,,,,,,,,
07,C,GS1,2,1,,3,1,Harokku,2,France,z,2,Rombuzz,0,Poland,p,,,,,,,,,,,,,,,,,,,,,,,,,,,,,,,,,,,,,,,,,,
07,C,GS1,3,2,,3,1,LegolandMan,0,Israel,p,2,Harokku,2,France,z,,,,,,,,,,,,,,,,,,,,,,,,,,,,,,,,,,,,,,,,,,
07,C,GS1,4,1,,3,1,GGiovanna,2,Italy,p,2,Rombuzz,0,Poland,p,,,,,,,,,,,,,,,,,,,,,,,,,,,,,,,,,,,,,,,,,,
07,C,GS1,5,2,,3,1,LegolandMan,0,Israel,p,2,GGiovanna,2,Italy,p,,,,,,,,,,,,,,,,,,,,,,,,,,,,,,,,,,,,,,,,,,
07,D,GS1,1,1,,3,1,Aurigami,2,France,t,2,Kyboi,0,United States,t,,,,,,,,,,,,,,,,,,,,,,,,,,,,,,,,,,,,,,,,,,
07,D,GS1,2,2,ff,3,1,Matheust,-1,Brazil,z,2,Zerus,-1,Peru,z,,,,,,,,,,,,,,,,,,,,,,,,,,,,,,,,,,,,,,,,,,
07,D,GS1,3,2,,3,1,Aurigami,0,France,t,2,Zerus,2,Peru,z,,,,,,,,,,,,,,,,,,,,,,,,,,,,,,,,,,,,,,,,,,
07,D,GS1,4,2,,3,1,Kyboi,0,United States,t,2,Matheust,2,Brazil,z,,,,,,,,,,,,,,,,,,,,,,,,,,,,,,,,,,,,,,,,,,
07,D,GS1,5,2,,3,1,Aurigami,0,France,t,2,Matheust,2,Brazil,z,,,,,,,,,,,,,,,,,,,,,,,,,,,,,,,,,,,,,,,,,,
07,E,GS1,1,2,,3,1,ReaLiTy,0,United States,t,2,Amino,2,United States,z,,,,,,,,,,,,,,,,,,,,,,,,,,,,,,,,,,,,,,,,,,
07,E,GS1,2,2,,3,1,Eleven,0,United States,z,2,Papapanda,2,Taiwan,z,,,,,,,,,,,,,,,,,,,,,,,,,,,,,,,,,,,,,,,,,,
07,E,GS1,3,1,,3,1,Amino,2,United States,z,2,Papapanda,1,Taiwan,z,,,,,,,,,,,,,,,,,,,,,,,,,,,,,,,,,,,,,,,,,,
07,E,GS1,4,1,,3,1,ReaLiTy,2,United States,t,2,Eleven,0,United States,z,,,,,,,,,,,,,,,,,,,,,,,,,,,,,,,,,,,,,,,,,,
07,E,GS1,5,1,,3,1,Papapanda,2,Taiwan,z,2,ReaLiTy,1,United States,t,,,,,,,,,,,,,,,,,,,,,,,,,,,,,,,,,,,,,,,,,,
07,F,GS1,1,1,,3,1,Todd,2,Poland,p,2,Academy,1,Sweden,p,,,,,,,,,,,,,,,,,,,,,,,,,,,,,,,,,,,,,,,,,,
07,F,GS1,2,1,,3,1,Wizzer,2,United States,z,2,Elegacy,0,Argentina,p,,,,,,,,,,,,,,,,,,,,,,,,,,,,,,,,,,,,,,,,,,
07,F,GS1,3,1,,3,1,Todd,2,Poland,p,2,Wizzer,1,United States,z,,,,,,,,,,,,,,,,,,,,,,,,,,,,,,,,,,,,,,,,,,
07,F,GS1,4,2,,3,1,Academy,0,Sweden,p,2,Elegacy,2,Argentina,p,,,,,,,,,,,,,,,,,,,,,,,,,,,,,,,,,,,,,,,,,,
07,F,GS1,5,1,,3,1,Wizzer,2,United States,z,2,Elegacy,0,Argentina,p,,,,,,,,,,,,,,,,,,,,,,,,,,,,,,,,,,,,,,,,,,
07,G,GS1,1,1,,3,1,Sickestt,2,Poland,t,2,Mist,1,United States,z,,,,,,,,,,,,,,,,,,,,,,,,,,,,,,,,,,,,,,,,,,
07,G,GS1,2,1,ff,3,1,BrainJam,-1,Denmark,z,2,Vales,-1,United Kingdom,t,,,,,,,,,,,,,,,,,,,,,,,,,,,,,,,,,,,,,,,,,,
07,G,GS1,3,2,,3,1,Sickestt,0,Poland,t,2,BrainJam,2,Denmark,z,,,,,,,,,,,,,,,,,,,,,,,,,,,,,,,,,,,,,,,,,,
07,G,GS1,4,2,,3,1,Mist,0,United States,z,2,Vales,2,United Kingdom,t,,,,,,,,,,,,,,,,,,,,,,,,,,,,,,,,,,,,,,,,,,
07,G,GS1,5,1,,3,1,Sickestt,2,Poland,t,2,Vales,0,United Kingdom,t,,,,,,,,,,,,,,,,,,,,,,,,,,,,,,,,,,,,,,,,,,
07,H,GS1,1,2,,3,1,Mag,1,Denmark,p,2,RumbleRandy,2,United States,t,,,,,,,,,,,,,,,,,,,,,,,,,,,,,,,,,,,,,,,,,,
07,H,GS1,2,1,,3,1,Ace,2,Canada,t,2,Shiny,0,Canada,p,,,,,,,,,,,,,,,,,,,,,,,,,,,,,,,,,,,,,,,,,,
07,H,GS1,3,1,,3,1,RumbleRandy,2,United States,t,2,Ace,0,Canada,t,,,,,,,,,,,,,,,,,,,,,,,,,,,,,,,,,,,,,,,,,,
07,H,GS1,4,1,,3,1,Mag,2,Denmark,p,2,Shiny,0,Canada,p,,,,,,,,,,,,,,,,,,,,,,,,,,,,,,,,,,,,,,,,,,
07,H,GS1,5,2,,3,1,Ace,0,Canada,t,2,Mag,2,Denmark,p,,,,,,,,,,,,,,,,,,,,,,,,,,,,,,,,,,,,,,,,,,
07,A,GS2,1,2,,3,1,Matrixx,0,Poland,z,2,RumbleRandy,2,United States,t,,,,,,,,,,,,,,,,,,,,,,,,,,,,,,,,,,,,,,,,,,
07,A,GS2,2,2,,3,1,Wizzer,0,United States,z,2,BrainJam,2,Denmark,z,,,,,,,,,,,,,,,,,,,,,,,,,,,,,,,,,,,,,,,,,,
07,A,GS2,3,2,,3,1,RumbleRandy,1,United States,t,2,BrainJam,2,Denmark,z,,,,,,,,,,,,,,,,,,,,,,,,,,,,,,,,,,,,,,,,,,
07,A,GS2,4,2,,3,1,Matrixx,0,Poland,z,2,Wizzer,2,United States,z,,,,,,,,,,,,,,,,,,,,,,,,,,,,,,,,,,,,,,,,,,
07,A,GS2,5,2,,3,1,RumbleRandy,1,United States,t,2,Wizzer,2,United States,z,,,,,,,,,,,,,,,,,,,,,,,,,,,,,,,,,,,,,,,,,,
07,B,GS2,1,1,,3,1,Harokku,2,France,z,2,Storm,1,United States,p,,,,,,,,,,,,,,,,,,,,,,,,,,,,,,,,,,,,,,,,,,
07,B,GS2,2,1,,3,1,Lunarium,2,Brazil,p,2,GGiovanna,1,Italy,p,,,,,,,,,,,,,,,,,,,,,,,,,,,,,,,,,,,,,,,,,,
07,B,GS2,3,2,,3,1,Harokku,1,France,z,2,Lunarium,2,Brazil,p,,,,,,,,,,,,,,,,,,,,,,,,,,,,,,,,,,,,,,,,,,
07,B,GS2,4,1,,3,1,Storm,2,United States,p,2,GGiovanna,1,Italy,p,,,,,,,,,,,,,,,,,,,,,,,,,,,,,,,,,,,,,,,,,,
07,B,GS2,5,1,,3,1,Harokku,2,France,z,2,Storm,1,United States,p,,,,,,,,,,,,,,,,,,,,,,,,,,,,,,,,,,,,,,,,,,
07,C,GS2,1,2,,3,1,Papapanda,0,Taiwan,z,2,Amino,2,United States,z,,,,,,,,,,,,,,,,,,,,,,,,,,,,,,,,,,,,,,,,,,
07,C,GS2,2,1,,3,1,Ame,2,Peru,z,2,Todd,1,Poland,p,,,,,,,,,,,,,,,,,,,,,,,,,,,,,,,,,,,,,,,,,,
07,C,GS2,3,2,ff,3,1,Amino,-1,United States,z,2,Ame,-1,Peru,z,,,,,,,,,,,,,,,,,,,,,,,,,,,,,,,,,,,,,,,,,,
07,C,GS2,4,2,,3,1,Papapanda,0,Taiwan,z,2,Todd,2,Poland,p,,,,,,,,,,,,,,,,,,,,,,,,,,,,,,,,,,,,,,,,,,
07,C,GS2,5,2,ff,3,1,Amino,-1,United States,z,2,Todd,-1,Poland,p,,,,,,,,,,,,,,,,,,,,,,,,,,,,,,,,,,,,,,,,,,
07,D,GS2,1,1,,3,1,Mag,2,Denmark,p,2,Sickestt,0,Poland,t,,,,,,,,,,,,,,,,,,,,,,,,,,,,,,,,,,,,,,,,,,
07,D,GS2,2,1,,3,1,Zerus,2,Peru,z,2,Matheust,0,Brazil,z,,,,,,,,,,,,,,,,,,,,,,,,,,,,,,,,,,,,,,,,,,
07,D,GS2,3,2,,3,1,Mag,1,Denmark,p,2,Zerus,2,Peru,z,,,,,,,,,,,,,,,,,,,,,,,,,,,,,,,,,,,,,,,,,,
07,D,GS2,4,2,,3,1,Sickestt,0,Poland,t,2,Matheust,2,Brazil,z,,,,,,,,,,,,,,,,,,,,,,,,,,,,,,,,,,,,,,,,,,
07,D,GS2,5,2,,3,1,Mag,0,Denmark,p,2,Matheust,2,Brazil,z,,,,,,,,,,,,,,,,,,,,,,,,,,,,,,,,,,,,,,,,,,
07,playoffs,R01,1,1,,5,1,BrainJam,3,Denmark,z,2,Matheust,0,Brazil,z,,,,,,,,,,,,,,,,,,,,,,,,,,,,,,,,,,,,,,,,,,
07,playoffs,R01,2,1,,5,1,Ame,3,Peru,z,2,Harokku,1,France,z,,,,,,,,,,,,,,,,,,,,,,,,,,,,,,,,,,,,,,,,,,
07,playoffs,R01,3,1,,5,1,Lunarium,3,Brazil,p,2,Todd,0,Poland,p,,,,,,,,,,,,,,,,,,,,,,,,,,,,,,,,,,,,,,,,,,
07,playoffs,R01,4,1,,5,1,Zerus,3,Peru,z,2,Wizzer,1,United States,z,,,,,,,,,,,,,,,,,,,,,,,,,,,,,,,,,,,,,,,,,,
07,playoffs,R02,1,2,,5,1,BrainJam,0,Denmark,z,2,Ame,3,Peru,z,,,,,,,,,,,,,,,,,,,,,,,,,,,,,,,,,,,,,,,,,,
07,playoffs,R02,2,1,,5,1,Lunarium,3,Brazil,p,2,Zerus,1,Peru,z,,,,,,,,,,,,,,,,,,,,,,,,,,,,,,,,,,,,,,,,,,
07,playoffs,R03,1,2,,7,1,Ame,1,Peru,z,2,Lunarium,4,Brazil,p,,,,,,,,,,,,,,,,,,,,,,,,,,,,,,,,,,,,,,,,,,
07,playoffs,3rd Place Match,3rd Place Match,1,,5,1,BrainJam,3,Denmark,z,2,Zerus,0,Peru,z,,,,,,,,,,,,,,,,,,,,,,,,,,,,,,,,,,,,,,,,,,
08,A,GS1,1,1,,3,1,Storm,2,United States,p,2,Word,1,Brazil,z,,,,,,,,,,,,,,,,,,,,,,,,,,,,,,,,,,,,,,,,,,
08,A,GS1,2,2,,3,1,Lunarium,1,Brazil,p,2,JMONEYMAGIC,2,United States,z,,,,,,,,,,,,,,,,,,,,,,,,,,,,,,,,,,,,,,,,,,
08,A,GS1,3,1,,3,1,Storm,2,United States,p,2,JMONEYMAGIC,0,United States,z,,,,,,,,,,,,,,,,,,,,,,,,,,,,,,,,,,,,,,,,,,
08,A,GS1,4,2,,3,1,Word,0,Brazil,z,2,Lunarium,2,Brazil,p,,,,,,,,,,,,,,,,,,,,,,,,,,,,,,,,,,,,,,,,,,
08,A,GS1,5,2,,3,1,JMONEYMAGIC,0,United States,z,2,Lunarium,2,Brazil,p,,,,,,,,,,,,,,,,,,,,,,,,,,,,,,,,,,,,,,,,,,
08,B,GS1,1,2,,3,1,Aurigami,1,France,t,2,LegolandMan,2,Israel,p,,,,,,,,,,,,,,,,,,,,,,,,,,,,,,,,,,,,,,,,,,
08,B,GS1,2,1,,3,1,Daryl,2,Peru,p,2,YourBroChris,0,Norway,t,,,,,,,,,,,,,,,,,,,,,,,,,,,,,,,,,,,,,,,,,,
08,B,GS1,3,2,,3,1,LegolandMan,0,Israel,p,2,Daryl,2,Peru,p,,,,,,,,,,,,,,,,,,,,,,,,,,,,,,,,,,,,,,,,,,
08,B,GS1,4,1,,3,1,Aurigami,2,France,t,2,YourBroChris,1,Norway,t,,,,,,,,,,,,,,,,,,,,,,,,,,,,,,,,,,,,,,,,,,
08,B,GS1,5,2,,3,1,LegolandMan,0,Israel,p,2,Aurigami,2,France,t,,,,,,,,,,,,,,,,,,,,,,,,,,,,,,,,,,,,,,,,,,
08,C,GS1,1,1,,3,1,ReaLiTy,2,United States,t,2,Tolo,1,Poland,z,,,,,,,,,,,,,,,,,,,,,,,,,,,,,,,,,,,,,,,,,,
08,C,GS1,2,1,,3,1,Eleven,2,United States,z,2,Papapanda,1,Taiwan,z,,,,,,,,,,,,,,,,,,,,,,,,,,,,,,,,,,,,,,,,,,
08,C,GS1,3,2,ff,3,1,ReaLiTy,-1,United States,t,2,Eleven,-1,United States,z,,,,,,,,,,,,,,,,,,,,,,,,,,,,,,,,,,,,,,,,,,
08,C,GS1,4,2,,3,1,Tolo,1,Poland,z,2,Papapanda,2,Taiwan,z,,,,,,,,,,,,,,,,,,,,,,,,,,,,,,,,,,,,,,,,,,
08,C,GS1,5,2,ff,3,1,ReaLiTy,-1,United States,t,2,Papapanda,-1,Taiwan,z,,,,,,,,,,,,,,,,,,,,,,,,,,,,,,,,,,,,,,,,,,
08,D,GS1,1,1,,3,1,FireKlaw,2,Canada,p,2,FuriousDroid,1,Canada,z,,,,,,,,,,,,,,,,,,,,,,,,,,,,,,,,,,,,,,,,,,
08,D,GS1,2,1,ff,3,1,Sickestt,-1,Poland,t,2,Zerus,-1,Peru,z,,,,,,,,,,,,,,,,,,,,,,,,,,,,,,,,,,,,,,,,,,
08,D,GS1,3,1,,3,1,FireKlaw,2,Canada,p,2,Sickestt,1,Poland,t,,,,,,,,,,,,,,,,,,,,,,,,,,,,,,,,,,,,,,,,,,
08,D,GS1,4,2,,3,1,FuriousDroid,0,Canada,z,2,Zerus,2,Peru,z,,,,,,,,,,,,,,,,,,,,,,,,,,,,,,,,,,,,,,,,,,
08,D,GS1,5,2,,3,1,Sickestt,1,Poland,t,2,Zerus,2,Peru,z,,,,,,,,,,,,,,,,,,,,,,,,,,,,,,,,,,,,,,,,,,
08,E,GS1,1,2,,3,1,Harokku,0,France,z,2,Mist,2,United States,z,,,,,,,,,,,,,,,,,,,,,,,,,,,,,,,,,,,,,,,,,,
08,E,GS1,2,2,,3,1,Universe,1,Mexico,p,2,Mr_Takuah,2,United States,p,,,,,,,,,,,,,,,,,,,,,,,,,,,,,,,,,,,,,,,,,,
08,E,GS1,3,2,,3,1,Mist,1,United States,z,2,Mr_Takuah,2,United States,p,,,,,,,,,,,,,,,,,,,,,,,,,,,,,,,,,,,,,,,,,,
08,E,GS1,4,1,,3,1,Harokku,2,France,z,2,Universe,1,Mexico,p,,,,,,,,,,,,,,,,,,,,,,,,,,,,,,,,,,,,,,,,,,
08,E,GS1,5,2,,3,1,Mist,0,United States,z,2,Harokku,2,France,z,,,,,,,,,,,,,,,,,,,,,,,,,,,,,,,,,,,,,,,,,,
08,F,GS1,1,2,,3,1,RumbleRandy,1,United States,t,2,Roselia,2,South Korea,t,,,,,,,,,,,,,,,,,,,,,,,,,,,,,,,,,,,,,,,,,,
08,F,GS1,2,1,ff,3,1,HerOuLiT,-1,Poland,p,2,BrainJam,-1,Denmark,z,,,,,,,,,,,,,,,,,,,,,,,,,,,,,,,,,,,,,,,,,,
08,F,GS1,3,1,,3,1,Roselia,2,South Korea,t,2,HerOuLiT,0,Poland,p,,,,,,,,,,,,,,,,,,,,,,,,,,,,,,,,,,,,,,,,,,
08,F,GS1,4,1,ff,3,1,RumbleRandy,-1,United States,t,2,BrainJam,-1,Denmark,z,,,,,,,,,,,,,,,,,,,,,,,,,,,,,,,,,,,,,,,,,,
08,F,GS1,5,2,,3,1,HerOuLiT,0,Poland,p,2,RumbleRandy,2,United States,t,,,,,,,,,,,,,,,,,,,,,,,,,,,,,,,,,,,,,,,,,,
08,G,GS1,1,2,,3,1,Shiny,0,Canada,p,2,Wizzer,2,United States,z,,,,,,,,,,,,,,,,,,,,,,,,,,,,,,,,,,,,,,,,,,
08,G,GS1,2,1,,3,1,Dephy,2,Lithuania,t,2,Ame,1,Peru,p,,,,,,,,,,,,,,,,,,,,,,,,,,,,,,,,,,,,,,,,,,
08,G,GS1,3,1,,3,1,Wizzer,2,United States,z,2,Dephy,1,Lithuania,t,,,,,,,,,,,,,,,,,,,,,,,,,,,,,,,,,,,,,,,,,,
08,G,GS1,4,1,,3,1,Shiny,2,Canada,p,2,Ame,0,Peru,p,,,,,,,,,,,,,,,,,,,,,,,,,,,,,,,,,,,,,,,,,,
08,G,GS1,5,2,,3,1,Dephy,1,Lithuania,t,2,Shiny,2,Canada,p,,,,,,,,,,,,,,,,,,,,,,,,,,,,,,,,,,,,,,,,,,
08,H,GS1,1,2,,3,1,BreaDy,1,South Korea,p,2,Matrixx,2,Poland,r,,,,,,,,,,,,,,,,,,,,,,,,,,,,,,,,,,,,,,,,,,
08,H,GS1,2,2,,3,1,Mag,1,Denmark,p,2,Vales,2,United Kingdom,t,,,,,,,,,,,,,,,,,,,,,,,,,,,,,,,,,,,,,,,,,,
08,H,GS1,3,1,,3,1,Matrixx,2,Poland,r,2,Vales,0,United Kingdom,t,,,,,,,,,,,,,,,,,,,,,,,,,,,,,,,,,,,,,,,,,,
08,H,GS1,4,1,,3,1,BreaDy,2,South Korea,p,2,Mag,0,Denmark,p,,,,,,,,,,,,,,,,,,,,,,,,,,,,,,,,,,,,,,,,,,
08,H,GS1,5,1,,3,1,Vales,2,United Kingdom,t,2,BreaDy,0,South Korea,p,,,,,,,,,,,,,,,,,,,,,,,,,,,,,,,,,,,,,,,,,,
08,A,GS2,1,1,,3,1,Matrixx,2,Poland,r,2,Shiny,0,Canada,p,,,,,,,,,,,,,,,,,,,,,,,,,,,,,,,,,,,,,,,,,,
08,A,GS2,2,2,ff,3,1,Vales,-1,United Kingdom,t,2,FireKlaw,-1,Canada,p,,,,,,,,,,,,,,,,,,,,,,,,,,,,,,,,,,,,,,,,,,
08,A,GS2,3,1,,3,1,Matrixx,2,Poland,r,2,FireKlaw,1,Canada,p,,,,,,,,,,,,,,,,,,,,,,,,,,,,,,,,,,,,,,,,,,
08,A,GS2,4,1,ff,3,1,Shiny,-1,Canada,p,2,Vales,-1,United Kingdom,t,,,,,,,,,,,,,,,,,,,,,,,,,,,,,,,,,,,,,,,,,,
08,A,GS2,5,1,,3,1,FireKlaw,2,Canada,p,2,Shiny,1,Canada,p,,,,,,,,,,,,,,,,,,,,,,,,,,,,,,,,,,,,,,,,,,
08,B,GS2,1,1,,3,1,Harokku,2,France,z,2,Mr_Takuah,0,United States,p,,,,,,,,,,,,,,,,,,,,,,,,,,,,,,,,,,,,,,,,,,
08,B,GS2,2,1,,3,1,Zerus,2,Peru,z,2,Wizzer,1,United States,z,,,,,,,,,,,,,,,,,,,,,,,,,,,,,,,,,,,,,,,,,,
08,B,GS2,3,2,,3,1,Harokku,1,France,z,2,Zerus,2,Peru,z,,,,,,,,,,,,,,,,,,,,,,,,,,,,,,,,,,,,,,,,,,
08,B,GS2,4,1,,3,1,Mr_Takuah,2,United States,p,2,Wizzer,0,United States,z,,,,,,,,,,,,,,,,,,,,,,,,,,,,,,,,,,,,,,,,,,
08,B,GS2,5,1,,3,1,Harokku,2,France,z,2,Mr_Takuah,1,United States,p,,,,,,,,,,,,,,,,,,,,,,,,,,,,,,,,,,,,,,,,,,
08,C,GS2,1,1,,3,1,Papapanda,2,Taiwan,z,2,RumbleRandy,1,United States,t,,,,,,,,,,,,,,,,,,,,,,,,,,,,,,,,,,,,,,,,,,
08,C,GS2,2,1,,3,1,Lunarium,2,Brazil,p,2,Storm,0,United States,p,,,,,,,,,,,,,,,,,,,,,,,,,,,,,,,,,,,,,,,,,,
08,C,GS2,3,2,,3,1,Papapanda,1,Taiwan,z,2,Lunarium,2,Brazil,p,,,,,,,,,,,,,,,,,,,,,,,,,,,,,,,,,,,,,,,,,,
08,C,GS2,4,1,,3,1,RumbleRandy,2,United States,t,2,Storm,1,United States,p,,,,,,,,,,,,,,,,,,,,,,,,,,,,,,,,,,,,,,,,,,
08,C,GS2,5,2,,3,1,Papapanda,0,Taiwan,z,2,RumbleRandy,2,United States,t,,,,,,,,,,,,,,,,,,,,,,,,,,,,,,,,,,,,,,,,,,
08,D,GS2,1,1,,3,1,Eleven,2,United States,z,2,Roselia,0,South Korea,t,,,,,,,,,,,,,,,,,,,,,,,,,,,,,,,,,,,,,,,,,,
08,D,GS2,2,2,,3,1,Aurigami,0,France,t,2,Daryl,2,Peru,p,,,,,,,,,,,,,,,,,,,,,,,,,,,,,,,,,,,,,,,,,,
08,D,GS2,3,2,,3,1,Eleven,0,United States,z,2,Daryl,2,Peru,p,,,,,,,,,,,,,,,,,,,,,,,,,,,,,,,,,,,,,,,,,,
08,D,GS2,4,1,,3,1,Roselia,2,South Korea,t,2,Aurigami,1,France,t,,,,,,,,,,,,,,,,,,,,,,,,,,,,,,,,,,,,,,,,,,
08,D,GS2,5,2,,3,1,Eleven,0,United States,z,2,Roselia,2,South Korea,t,,,,,,,,,,,,,,,,,,,,,,,,,,,,,,,,,,,,,,,,,,
08,playoffs,R01,1,1,,5,1,Matrixx,3,Poland,r,2,Roselia,0,South Korea,t,,,,,,,,,,,,,,,,,,,,,,,,,,,,,,,,,,,,,,,,,,
08,playoffs,R01,2,2,,5,1,Lunarium,1,Brazil,p,2,Harokku,3,France,z,,,,,,,,,,,,,,,,,,,,,,,,,,,,,,,,,,,,,,,,,,
08,playoffs,R01,3,1,,5,1,Zerus,3,Peru,z,2,RumbleRandy,2,United States,t,,,,,,,,,,,,,,,,,,,,,,,,,,,,,,,,,,,,,,,,,,
08,playoffs,R01,4,2,,5,1,Daryl,2,Peru,p,2,FireKlaw,3,Canada,p,,,,,,,,,,,,,,,,,,,,,,,,,,,,,,,,,,,,,,,,,,
08,playoffs,R02,1,2,,5,1,Matrixx,0,Poland,r,2,Harokku,3,France,z,,,,,,,,,,,,,,,,,,,,,,,,,,,,,,,,,,,,,,,,,,
08,playoffs,R02,2,2,,5,1,Zerus,1,Peru,z,2,FireKlaw,3,Canada,p,,,,,,,,,,,,,,,,,,,,,,,,,,,,,,,,,,,,,,,,,,
08,playoffs,R03,1,1,,7,1,Harokku,4,France,z,2,FireKlaw,1,Canada,p,,,,,,,,,,,,,,,,,,,,,,,,,,,,,,,,,,,,,,,,,,
08,playoffs,3rd Place Match,3rd Place Match,2,,5,1,Matrixx,1,Poland,r,2,Zerus,3,Peru,z,,,,,,,,,,,,,,,,,,,,,,,,,,,,,,,,,,,,,,,,,,
09,A,GS1,1,2,,3,1,Roselia,1,South Korea,t,2,DEiGoSS,2,Peru,p,,,,,,,,,,,,,,,,,,,,,,,,,,,,,,,,,,,,,,,,,,
09,A,GS1,2,1,ff,3,1,Mag,-1,Denmark,p,2,Defiance,-1,United States,t,,,,,,,,,,,,,,,,,,,,,,,,,,,,,,,,,,,,,,,,,,
09,A,GS1,3,2,,3,1,DEiGoSS,0,Peru,p,2,Mag,2,Denmark,p,,,,,,,,,,,,,,,,,,,,,,,,,,,,,,,,,,,,,,,,,,
09,A,GS1,4,2,,3,1,Roselia,1,South Korea,t,2,Defiance,2,United States,t,,,,,,,,,,,,,,,,,,,,,,,,,,,,,,,,,,,,,,,,,,
09,A,GS1,5,2,,3,1,DEiGoSS,1,Peru,p,2,Defiance,2,United States,t,,,,,,,,,,,,,,,,,,,,,,,,,,,,,,,,,,,,,,,,,,
09,B,GS1,1,1,,3,1,Storm,2,United States,p,2,Colossalgulp,0,United States,t,,,,,,,,,,,,,,,,,,,,,,,,,,,,,,,,,,,,,,,,,,
09,B,GS1,2,1,,3,1,Shiny,2,Canada,p,2,BaumesBaum,0,Germany,t,,,,,,,,,,,,,,,,,,,,,,,,,,,,,,,,,,,,,,,,,,
09,B,GS1,3,2,,3,1,Storm,1,United States,p,2,Shiny,2,Canada,p,,,,,,,,,,,,,,,,,,,,,,,,,,,,,,,,,,,,,,,,,,
09,B,GS1,4,1,,3,1,Colossalgulp,2,United States,t,2,BaumesBaum,1,Germany,t,,,,,,,,,,,,,,,,,,,,,,,,,,,,,,,,,,,,,,,,,,
09,B,GS1,5,1,,3,1,Storm,2,United States,p,2,Colossalgulp,0,United States,t,,,,,,,,,,,,,,,,,,,,,,,,,,,,,,,,,,,,,,,,,,
09,C,GS1,1,1,,3,1,FireKlaw,2,Canada,p,2,Papapanda,1,Taiwan,z,,,,,,,,,,,,,,,,,,,,,,,,,,,,,,,,,,,,,,,,,,
09,C,GS1,2,1,,3,1,ChampioN,2,Russia,t,2,FuriousDroid,0,Canada,z,,,,,,,,,,,,,,,,,,,,,,,,,,,,,,,,,,,,,,,,,,
09,C,GS1,3,1,,3,1,FireKlaw,2,Canada,p,2,ChampioN,1,Russia,t,,,,,,,,,,,,,,,,,,,,,,,,,,,,,,,,,,,,,,,,,,
09,C,GS1,4,1,,3,1,Papapanda,2,Taiwan,z,2,FuriousDroid,1,Canada,z,,,,,,,,,,,,,,,,,,,,,,,,,,,,,,,,,,,,,,,,,,
09,C,GS1,5,1,,3,1,ChampioN,2,Russia,t,2,Papapanda,1,Taiwan,z,,,,,,,,,,,,,,,,,,,,,,,,,,,,,,,,,,,,,,,,,,
09,D,GS1,1,2,,3,1,CaptCanuck,0,Canada,p,2,Daryl,2,Peru,p,,,,,,,,,,,,,,,,,,,,,,,,,,,,,,,,,,,,,,,,,,
09,D,GS1,2,1,,3,1,Aurigami,2,France,t,2,Rombuzz,0,Poland,p,,,,,,,,,,,,,,,,,,,,,,,,,,,,,,,,,,,,,,,,,,
09,D,GS1,3,1,,3,1,Daryl,2,Peru,p,2,Aurigami,1,France,t,,,,,,,,,,,,,,,,,,,,,,,,,,,,,,,,,,,,,,,,,,
09,D,GS1,4,1,,3,1,CaptCanuck,2,Canada,p,2,Rombuzz,1,Poland,p,,,,,,,,,,,,,,,,,,,,,,,,,,,,,,,,,,,,,,,,,,
09,D,GS1,5,2,,3,1,Aurigami,1,France,t,2,CaptCanuck,2,Canada,p,,,,,,,,,,,,,,,,,,,,,,,,,,,,,,,,,,,,,,,,,,
09,E,GS1,1,2,,3,1,Ame,0,Peru,p,2,Zerus,2,Peru,t,,,,,,,,,,,,,,,,,,,,,,,,,,,,,,,,,,,,,,,,,,
09,E,GS1,2,2,,3,1,Napolcochon,0,France,p,2,Matrixx,2,Poland,r,,,,,,,,,,,,,,,,,,,,,,,,,,,,,,,,,,,,,,,,,,
09,E,GS1,3,1,,3,1,Zerus,2,Peru,t,2,Matrixx,0,Poland,r,,,,,,,,,,,,,,,,,,,,,,,,,,,,,,,,,,,,,,,,,,
09,E,GS1,4,1,,3,1,Ame,2,Peru,p,2,Napolcochon,0,France,p,,,,,,,,,,,,,,,,,,,,,,,,,,,,,,,,,,,,,,,,,,
09,E,GS1,5,1,,3,1,Matrixx,2,Poland,r,2,Ame,0,Peru,p,,,,,,,,,,,,,,,,,,,,,,,,,,,,,,,,,,,,,,,,,,
09,F,GS1,1,1,,3,1,Eleven,2,United States,z,2,Mist,1,United States,z,,,,,,,,,,,,,,,,,,,,,,,,,,,,,,,,,,,,,,,,,,
09,F,GS1,2,1,,3,1,Sickestt,2,Poland,t,2,Mac,0,Germany,t,,,,,,,,,,,,,,,,,,,,,,,,,,,,,,,,,,,,,,,,,,
09,F,GS1,3,2,,3,1,Eleven,0,United States,z,2,Sickestt,2,Poland,t,,,,,,,,,,,,,,,,,,,,,,,,,,,,,,,,,,,,,,,,,,
09,F,GS1,4,2,,3,1,Mist,0,United States,z,2,Mac,2,Germany,t,,,,,,,,,,,,,,,,,,,,,,,,,,,,,,,,,,,,,,,,,,
09,F,GS1,5,1,,3,1,Eleven,2,United States,z,2,Mac,0,Germany,t,,,,,,,,,,,,,,,,,,,,,,,,,,,,,,,,,,,,,,,,,,
09,G,GS1,1,2,,3,1,BrainJam,1,Denmark,z,2,Harokku,2,France,z,,,,,,,,,,,,,,,,,,,,,,,,,,,,,,,,,,,,,,,,,,
09,G,GS1,2,1,,3,1,Daniello,2,Poland,t,2,Blade,1,Denmark,t,,,,,,,,,,,,,,,,,,,,,,,,,,,,,,,,,,,,,,,,,,
09,G,GS1,3,2,,3,1,Harokku,0,France,z,2,Daniello,2,Poland,t,,,,,,,,,,,,,,,,,,,,,,,,,,,,,,,,,,,,,,,,,,
09,G,GS1,4,2,,3,1,BrainJam,0,Denmark,z,2,Blade,2,Denmark,t,,,,,,,,,,,,,,,,,,,,,,,,,,,,,,,,,,,,,,,,,,
09,G,GS1,5,1,,3,1,Harokku,2,France,z,2,Blade,0,Denmark,t,,,,,,,,,,,,,,,,,,,,,,,,,,,,,,,,,,,,,,,,,,
09,H,GS1,1,1,,3,1,Cheoklate,2,Singapore,z,2,Doomrat,0,Netherlands,z,,,,,,,,,,,,,,,,,,,,,,,,,,,,,,,,,,,,,,,,,,
09,H,GS1,2,1,,3,1,YourBroChris,2,Norway,t,2,Esarel,0,Canada,p,,,,,,,,,,,,,,,,,,,,,,,,,,,,,,,,,,,,,,,,,,
09,H,GS1,3,1,,3,1,Cheoklate,2,Singapore,z,2,YourBroChris,0,Norway,t,,,,,,,,,,,,,,,,,,,,,,,,,,,,,,,,,,,,,,,,,,
09,H,GS1,4,1,,3,1,Doomrat,2,Netherlands,z,2,Esarel,1,Canada,p,,,,,,,,,,,,,,,,,,,,,,,,,,,,,,,,,,,,,,,,,,
09,H,GS1,5,1,,3,1,YourBroChris,2,Norway,t,2,Doomrat,1,Netherlands,z,,,,,,,,,,,,,,,,,,,,,,,,,,,,,,,,,,,,,,,,,,
09,A,GS2,1,1,,3,1,Harokku,2,France,z,2,Defiance,1,United States,t,,,,,,,,,,,,,,,,,,,,,,,,,,,,,,,,,,,,,,,,,,
09,A,GS2,2,2,,3,1,Sickestt,0,Poland,t,2,ChampioN,2,Russia,t,,,,,,,,,,,,,,,,,,,,,,,,,,,,,,,,,,,,,,,,,,
09,A,GS2,3,1,,3,1,Harokku,2,France,z,2,ChampioN,1,Russia,t,,,,,,,,,,,,,,,,,,,,,,,,,,,,,,,,,,,,,,,,,,
09,A,GS2,4,2,,3,1,Defiance,1,United States,t,2,Sickestt,2,Poland,t,,,,,,,,,,,,,,,,,,,,,,,,,,,,,,,,,,,,,,,,,,
09,A,GS2,5,1,,3,1,ChampioN,2,Russia,t,2,Sickestt,0,Poland,t,,,,,,,,,,,,,,,,,,,,,,,,,,,,,,,,,,,,,,,,,,
09,B,GS2,1,1,,3,1,Matrixx,2,Poland,r,2,Daryl,1,Peru,p,,,,,,,,,,,,,,,,,,,,,,,,,,,,,,,,,,,,,,,,,,
09,B,GS2,2,2,,3,1,YourBroChris,1,Norway,t,2,Cheoklate,2,Singapore,z,,,,,,,,,,,,,,,,,,,,,,,,,,,,,,,,,,,,,,,,,,
09,B,GS2,3,2,,3,1,Matrixx,0,Poland,r,2,Cheoklate,2,Singapore,z,,,,,,,,,,,,,,,,,,,,,,,,,,,,,,,,,,,,,,,,,,
09,B,GS2,4,2,,3,1,Daryl,0,Peru,p,2,YourBroChris,2,Norway,t,,,,,,,,,,,,,,,,,,,,,,,,,,,,,,,,,,,,,,,,,,
09,B,GS2,5,2,,3,1,Matrixx,1,Poland,r,2,YourBroChris,2,Norway,t,,,,,,,,,,,,,,,,,,,,,,,,,,,,,,,,,,,,,,,,,,
09,C,GS2,1,2,,3,1,Eleven,0,United States,z,2,Mag,2,Denmark,p,,,,,,,,,,,,,,,,,,,,,,,,,,,,,,,,,,,,,,,,,,
09,C,GS2,2,2,,3,1,Shiny,0,Canada,p,2,Storm,2,United States,p,,,,,,,,,,,,,,,,,,,,,,,,,,,,,,,,,,,,,,,,,,
09,C,GS2,3,1,,3,1,Mag,2,Denmark,p,2,Storm,0,United States,p,,,,,,,,,,,,,,,,,,,,,,,,,,,,,,,,,,,,,,,,,,
09,C,GS2,4,2,ff,3,1,Eleven,-1,United States,z,2,Shiny,-1,Canada,p,,,,,,,,,,,,,,,,,,,,,,,,,,,,,,,,,,,,,,,,,,
09,C,GS2,5,2,,3,1,Storm,0,United States,p,2,Shiny,2,Canada,p,,,,,,,,,,,,,,,,,,,,,,,,,,,,,,,,,,,,,,,,,,
09,D,GS2,1,2,,3,1,Zerus,0,Peru,t,2,Daniello,2,Poland,t,,,,,,,,,,,,,,,,,,,,,,,,,,,,,,,,,,,,,,,,,,
09,D,GS2,2,1,,3,1,CaptCanuck,2,Canada,p,2,FireKlaw,1,Canada,p,,,,,,,,,,,,,,,,,,,,,,,,,,,,,,,,,,,,,,,,,,
09,D,GS2,3,1,,3,1,Daniello,2,Poland,t,2,CaptCanuck,0,Canada,p,,,,,,,,,,,,,,,,,,,,,,,,,,,,,,,,,,,,,,,,,,
09,D,GS2,4,2,,3,1,Zerus,0,Peru,t,2,FireKlaw,2,Canada,p,,,,,,,,,,,,,,,,,,,,,,,,,,,,,,,,,,,,,,,,,,
09,D,GS2,5,2,,3,1,CaptCanuck,0,Canada,p,2,FireKlaw,2,Canada,p,,,,,,,,,,,,,,,,,,,,,,,,,,,,,,,,,,,,,,,,,,
09,playoffs,R01,1,2,,5,1,Harokku,1,France,z,2,FireKlaw,3,Canada,p,,,,,,,,,,,,,,,,,,,,,,,,,,,,,,,,,,,,,,,,,,
09,playoffs,R01,2,1,,5,1,Mag,3,Denmark,p,2,YourBroChris,0,Norway,t,,,,,,,,,,,,,,,,,,,,,,,,,,,,,,,,,,,,,,,,,,
09,playoffs,R01,3,2,,5,1,Cheoklate,0,Singapore,z,2,Shiny,3,Canada,p,,,,,,,,,,,,,,,,,,,,,,,,,,,,,,,,,,,,,,,,,,
09,playoffs,R01,4,2,,5,1,Daniello,1,Poland,t,2,ChampioN,3,Russia,t,,,,,,,,,,,,,,,,,,,,,,,,,,,,,,,,,,,,,,,,,,
09,playoffs,R02,1,2,,5,1,FireKlaw,0,Canada,p,2,Mag,3,Denmark,p,,,,,,,,,,,,,,,,,,,,,,,,,,,,,,,,,,,,,,,,,,
09,playoffs,R02,2,1,,5,1,Shiny,3,Canada,p,2,ChampioN,2,Russia,t,,,,,,,,,,,,,,,,,,,,,,,,,,,,,,,,,,,,,,,,,,
09,playoffs,R03,1,2,,7,1,Mag,0,Denmark,p,2,Shiny,4,Canada,p,,,,,,,,,,,,,,,,,,,,,,,,,,,,,,,,,,,,,,,,,,
09,playoffs,3rd Place Match,3rd Place Match,2,,5,1,FireKlaw,2,Canada,p,2,ChampioN,3,Russia,t,,,,,,,,,,,,,,,,,,,,,,,,,,,,,,,,,,,,,,,,,,
10,A,GS1,1,1,,3,1,CaptCanuck,2,Canada,p,2,Katsu,0,Brazil,t,,,,,,,,,,,,,,,,,,,,,,,,,,,,,,,,,,,,,,,,,,
10,A,GS1,2,1,,3,1,XenoDactyl,2,United States,p,2,Ibiree,0,Russia,p,,,,,,,,,,,,,,,,,,,,,,,,,,,,,,,,,,,,,,,,,,
10,A,GS1,3,1,,3,1,CaptCanuck,2,Canada,p,2,XenoDactyl,0,United States,p,,,,,,,,,,,,,,,,,,,,,,,,,,,,,,,,,,,,,,,,,,
10,A,GS1,4,2,,3,1,Katsu,1,Brazil,t,2,Ibiree,2,Russia,p,,,,,,,,,,,,,,,,,,,,,,,,,,,,,,,,,,,,,,,,,,
10,A,GS1,5,1,,3,1,XenoDactyl,2,United States,p,2,Ibiree,0,Russia,p,,,,,,,,,,,,,,,,,,,,,,,,,,,,,,,,,,,,,,,,,,
10,B,GS1,1,1,,3,1,Roselia,2,South Korea,t,2,Detergent,0,Australia,z,,,,,,,,,,,,,,,,,,,,,,,,,,,,,,,,,,,,,,,,,,
10,B,GS1,2,1,,3,1,BrainJam,2,Denmark,z,2,WiseMan,0,United Kingdom,t,,,,,,,,,,,,,,,,,,,,,,,,,,,,,,,,,,,,,,,,,,
10,B,GS1,3,1,,3,1,Roselia,2,South Korea,t,2,BrainJam,1,Denmark,z,,,,,,,,,,,,,,,,,,,,,,,,,,,,,,,,,,,,,,,,,,
10,B,GS1,4,2,,3,1,Detergent,1,Australia,z,2,WiseMan,2,United Kingdom,t,,,,,,,,,,,,,,,,,,,,,,,,,,,,,,,,,,,,,,,,,,
10,B,GS1,5,1,,3,1,BrainJam,2,Denmark,z,2,WiseMan,0,United Kingdom,t,,,,,,,,,,,,,,,,,,,,,,,,,,,,,,,,,,,,,,,,,,
10,C,GS1,1,1,,3,1,Ame,2,Peru,z,2,MedicJR,0,United States,t,,,,,,,,,,,,,,,,,,,,,,,,,,,,,,,,,,,,,,,,,,
10,C,GS1,2,1,,3,1,MuleBoy,2,United States,z,2,Nomad,0,United States,p,,,,,,,,,,,,,,,,,,,,,,,,,,,,,,,,,,,,,,,,,,
10,C,GS1,3,1,,3,1,Ame,2,Peru,z,2,MuleBoy,0,United States,z,,,,,,,,,,,,,,,,,,,,,,,,,,,,,,,,,,,,,,,,,,
10,C,GS1,4,1,,3,1,MedicJR,2,United States,t,2,Nomad,1,United States,p,,,,,,,,,,,,,,,,,,,,,,,,,,,,,,,,,,,,,,,,,,
10,C,GS1,5,1,,3,1,MuleBoy,2,United States,z,2,MedicJR,0,United States,t,,,,,,,,,,,,,,,,,,,,,,,,,,,,,,,,,,,,,,,,,,
10,D,GS1,1,1,,3,1,FireKlaw,2,Canada,p,2,Maffer,0,Brazil,t,,,,,,,,,,,,,,,,,,,,,,,,,,,,,,,,,,,,,,,,,,
10,D,GS1,2,2,,3,1,Daniello,1,Poland,t,2,Papapanda,2,Taiwan,z,,,,,,,,,,,,,,,,,,,,,,,,,,,,,,,,,,,,,,,,,,
10,D,GS1,3,1,,3,1,FireKlaw,2,Canada,p,2,Papapanda,0,Taiwan,z,,,,,,,,,,,,,,,,,,,,,,,,,,,,,,,,,,,,,,,,,,
10,D,GS1,4,2,,3,1,Maffer,1,Brazil,t,2,Daniello,2,Poland,t,,,,,,,,,,,,,,,,,,,,,,,,,,,,,,,,,,,,,,,,,,
10,D,GS1,5,2,,3,1,Papapanda,0,Taiwan,z,2,Daniello,2,Poland,t,,,,,,,,,,,,,,,,,,,,,,,,,,,,,,,,,,,,,,,,,,
10,E,GS1,1,1,,3,1,ChampioN,2,Russia,t,2,CultClassic,0,United States,z,,,,,,,,,,,,,,,,,,,,,,,,,,,,,,,,,,,,,,,,,,
10,E,GS1,2,2,,3,1,Napolcochon,0,France,p,2,LegolandMan,2,Israel,p,,,,,,,,,,,,,,,,,,,,,,,,,,,,,,,,,,,,,,,,,,
10,E,GS1,3,1,,3,1,ChampioN,2,Russia,t,2,LegolandMan,1,Israel,p,,,,,,,,,,,,,,,,,,,,,,,,,,,,,,,,,,,,,,,,,,
10,E,GS1,4,2,,3,1,CultClassic,0,United States,z,2,Napolcochon,2,France,p,,,,,,,,,,,,,,,,,,,,,,,,,,,,,,,,,,,,,,,,,,
10,E,GS1,5,2,,3,1,LegolandMan,0,Israel,p,2,Napolcochon,2,France,p,,,,,,,,,,,,,,,,,,,,,,,,,,,,,,,,,,,,,,,,,,
10,F,GS1,1,1,,3,1,Harokku,2,France,z,2,Defiance,0,United States,t,,,,,,,,,,,,,,,,,,,,,,,,,,,,,,,,,,,,,,,,,,
10,F,GS1,2,1,,3,1,Zerus,2,Peru,t,2,Milkaa,0,Hungary,p,,,,,,,,,,,,,,,,,,,,,,,,,,,,,,,,,,,,,,,,,,
10,F,GS1,3,1,,3,1,Harokku,2,France,z,2,Zerus,1,Peru,t,,,,,,,,,,,,,,,,,,,,,,,,,,,,,,,,,,,,,,,,,,
10,F,GS1,4,2,,3,1,Defiance,0,United States,t,2,Milkaa,2,Hungary,p,,,,,,,,,,,,,,,,,,,,,,,,,,,,,,,,,,,,,,,,,,
10,F,GS1,5,1,,3,1,Zerus,2,Peru,t,2,Milkaa,0,Hungary,p,,,,,,,,,,,,,,,,,,,,,,,,,,,,,,,,,,,,,,,,,,
10,G,GS1,1,2,,3,1,ZikMoz,1,Denmark,p,2,Ficks,2,Russia,t,,,,,,,,,,,,,,,,,,,,,,,,,,,,,,,,,,,,,,,,,,
10,G,GS1,2,2,,3,1,Rombuzz,0,Poland,p,2,Mag,2,Denmark,z,,,,,,,,,,,,,,,,,,,,,,,,,,,,,,,,,,,,,,,,,,
10,G,GS1,3,2,,3,1,Ficks,1,Russia,t,2,Mag,2,Denmark,z,,,,,,,,,,,,,,,,,,,,,,,,,,,,,,,,,,,,,,,,,,
10,G,GS1,4,2,,3,1,ZikMoz,1,Denmark,p,2,Rombuzz,2,Poland,p,,,,,,,,,,,,,,,,,,,,,,,,,,,,,,,,,,,,,,,,,,
10,G,GS1,5,1,,3,1,Ficks,2,Russia,t,2,Rombuzz,-1,Poland,p,,,,,,,,,,,,,,,,,,,,,,,,,,,,,,,,,,,,,,,,,,
10,H,GS1,1,1,,3,1,Cognite,2,United States,t,2,Sebas,0,Peru,p,,,,,,,,,,,,,,,,,,,,,,,,,,,,,,,,,,,,,,,,,,
10,H,GS1,2,1,,3,1,Aurigami,2,France,t,2,Azura,0,Italy,z,,,,,,,,,,,,,,,,,,,,,,,,,,,,,,,,,,,,,,,,,,
10,H,GS1,3,1,,3,1,Cognite,2,United States,t,2,Aurigami,0,France,t,,,,,,,,,,,,,,,,,,,,,,,,,,,,,,,,,,,,,,,,,,
10,H,GS1,4,1,,3,1,Sebas,2,Peru,p,2,Azura,0,Italy,z,,,,,,,,,,,,,,,,,,,,,,,,,,,,,,,,,,,,,,,,,,
10,H,GS1,5,1,,3,1,Aurigami,2,France,t,2,Sebas,0,Peru,p,,,,,,,,,,,,,,,,,,,,,,,,,,,,,,,,,,,,,,,,,,
10,A,GS2,1,1,,3,1,Harokku,2,France,z,2,Napolcochon,0,France,p,,,,,,,,,,,,,,,,,,,,,,,,,,,,,,,,,,,,,,,,,,
10,A,GS2,2,2,,3,1,ChampioN,1,Russia,t,2,CaptCanuck,2,Canada,p,,,,,,,,,,,,,,,,,,,,,,,,,,,,,,,,,,,,,,,,,,
10,A,GS2,3,2,,3,1,Harokku,0,France,z,2,CaptCanuck,2,Canada,p,,,,,,,,,,,,,,,,,,,,,,,,,,,,,,,,,,,,,,,,,,
10,A,GS2,4,2,,3,1,Napolcochon,0,France,p,2,ChampioN,2,Russia,t,,,,,,,,,,,,,,,,,,,,,,,,,,,,,,,,,,,,,,,,,,
10,A,GS2,5,1,,3,1,Harokku,2,France,z,2,ChampioN,0,Russia,t,,,,,,,,,,,,,,,,,,,,,,,,,,,,,,,,,,,,,,,,,,
10,B,GS2,1,2,,3,1,Mag,1,Denmark,z,2,Cognite,2,United States,t,,,,,,,,,,,,,,,,,,,,,,,,,,,,,,,,,,,,,,,,,,
10,B,GS2,2,1,,3,1,Ame,2,Peru,z,2,Daniello,0,Poland,t,,,,,,,,,,,,,,,,,,,,,,,,,,,,,,,,,,,,,,,,,,
10,B,GS2,3,2,,3,1,Cognite,1,United States,t,2,Ame,2,Peru,z,,,,,,,,,,,,,,,,,,,,,,,,,,,,,,,,,,,,,,,,,,
10,B,GS2,4,1,,3,1,Mag,2,Denmark,z,2,Daniello,1,Poland,t,,,,,,,,,,,,,,,,,,,,,,,,,,,,,,,,,,,,,,,,,,
10,B,GS2,5,2,,3,1,Cognite,0,United States,t,2,Mag,2,Denmark,z,,,,,,,,,,,,,,,,,,,,,,,,,,,,,,,,,,,,,,,,,,
10,C,GS2,1,1,,3,1,Aurigami,2,France,t,2,Ficks,0,Russia,t,,,,,,,,,,,,,,,,,,,,,,,,,,,,,,,,,,,,,,,,,,
10,C,GS2,2,1,,3,1,Roselia,2,South Korea,t,2,MuleBoy,0,United States,z,,,,,,,,,,,,,,,,,,,,,,,,,,,,,,,,,,,,,,,,,,
10,C,GS2,3,1,,3,1,Roselia,2,South Korea,t,2,Aurigami,1,France,t,,,,,,,,,,,,,,,,,,,,,,,,,,,,,,,,,,,,,,,,,,
10,C,GS2,4,1,,3,1,Ficks,2,Russia,t,2,MuleBoy,1,United States,z,,,,,,,,,,,,,,,,,,,,,,,,,,,,,,,,,,,,,,,,,,
10,C,GS2,5,1,,3,1,Ficks,2,Russia,t,2,Aurigami,1,France,t,,,,,,,,,,,,,,,,,,,,,,,,,,,,,,,,,,,,,,,,,,
10,D,GS2,1,1,,3,1,FireKlaw,2,Canada,p,2,Zerus,1,Peru,t,,,,,,,,,,,,,,,,,,,,,,,,,,,,,,,,,,,,,,,,,,
10,D,GS2,2,1,,3,1,BrainJam,2,Denmark,z,2,XenoDactyl,0,United States,p,,,,,,,,,,,,,,,,,,,,,,,,,,,,,,,,,,,,,,,,,,
10,D,GS2,3,1,,3,1,FireKlaw,2,Canada,p,2,BrainJam,1,Denmark,z,,,,,,,,,,,,,,,,,,,,,,,,,,,,,,,,,,,,,,,,,,
10,D,GS2,4,2,ff,3,1,Zerus,-1,Peru,t,2,XenoDactyl,-1,United States,p,,,,,,,,,,,,,,,,,,,,,,,,,,,,,,,,,,,,,,,,,,
10,D,GS2,5,1,,3,1,BrainJam,2,Denmark,z,2,XenoDactyl,0,United States,p,,,,,,,,,,,,,,,,,,,,,,,,,,,,,,,,,,,,,,,,,,
10,playoffs,R01,1,2,,5,1,CaptCanuck,2,Canada,p,2,BrainJam,3,Denmark,z,,,,,,,,,,,,,,,,,,,,,,,,,,,,,,,,,,,,,,,,,,
10,playoffs,R01,2,2,,5,1,Roselia,2,South Korea,t,2,Mag,3,Denmark,z,,,,,,,,,,,,,,,,,,,,,,,,,,,,,,,,,,,,,,,,,,
10,playoffs,R01,3,2,,5,1,Ame,1,Peru,z,2,Ficks,3,Russia,t,,,,,,,,,,,,,,,,,,,,,,,,,,,,,,,,,,,,,,,,,,
10,playoffs,R01,4,1,,5,1,FireKlaw,3,Canada,p,2,Harokku,2,France,z,,,,,,,,,,,,,,,,,,,,,,,,,,,,,,,,,,,,,,,,,,
10,playoffs,R02,1,2,,5,1,BrainJam,1,Denmark,z,2,Mag,3,Denmark,z,,,,,,,,,,,,,,,,,,,,,,,,,,,,,,,,,,,,,,,,,,
10,playoffs,R02,2,1,,5,1,Ficks,3,Russia,t,2,FireKlaw,0,Canada,p,,,,,,,,,,,,,,,,,,,,,,,,,,,,,,,,,,,,,,,,,,
10,playoffs,R03,1,2,,7,1,Mag,3,Denmark,z,2,Ficks,4,Russia,t,,,,,,,,,,,,,,,,,,,,,,,,,,,,,,,,,,,,,,,,,,
10,playoffs,3rd Place Match,3rd Place Match,2,,5,1,BrainJam,0,Denmark,z,2,FireKlaw,3,Canada,p,,,,,,,,,,,,,,,,,,,,,,,,,,,,,,,,,,,,,,,,,,
11,A,GS1,1,1,,3,1,Kyboi,2,United States,z,2,Nomad,0,United States,p,,,,,,,,,,,,,,,,,,,,,,,,,,,,,,,,,,,,,,,,,,
11,A,GS1,2,1,,3,1,NeO,2,Costa Rica,p,2,Ibiree,0,Russia,z,,,,,,,,,,,,,,,,,,,,,,,,,,,,,,,,,,,,,,,,,,
11,A,GS1,3,2,,3,1,Kyboi,1,United States,z,2,NeO,2,Costa Rica,p,,,,,,,,,,,,,,,,,,,,,,,,,,,,,,,,,,,,,,,,,,
11,A,GS1,4,1,,3,1,Nomad,2,United States,p,2,Ibiree,1,Russia,z,,,,,,,,,,,,,,,,,,,,,,,,,,,,,,,,,,,,,,,,,,
11,A,GS1,5,1,,3,1,Kyboi,2,United States,z,2,Nomad,0,United States,p,,,,,,,,,,,,,,,,,,,,,,,,,,,,,,,,,,,,,,,,,,
11,B,GS1,1,1,,3,1,BrainJam,2,Denmark,z,2,Papapanda,1,Taiwan,z,,,,,,,,,,,,,,,,,,,,,,,,,,,,,,,,,,,,,,,,,,
11,B,GS1,2,1,,3,1,Roselia,2,South Korea,t,2,Cate,0,Canada,t,,,,,,,,,,,,,,,,,,,,,,,,,,,,,,,,,,,,,,,,,,
11,B,GS1,3,1,,3,1,BrainJam,2,Denmark,z,2,Roselia,0,South Korea,t,,,,,,,,,,,,,,,,,,,,,,,,,,,,,,,,,,,,,,,,,,
11,B,GS1,4,2,,3,1,Papapanda,0,Taiwan,z,2,Cate,2,Canada,t,,,,,,,,,,,,,,,,,,,,,,,,,,,,,,,,,,,,,,,,,,
11,B,GS1,5,1,ff,3,1,Roselia,-1,South Korea,t,2,Cate,-1,Canada,t,,,,,,,,,,,,,,,,,,,,,,,,,,,,,,,,,,,,,,,,,,
11,C,GS1,1,1,,3,1,WiseMan,2,United States,z,2,Zushen,0,United States,t,,,,,,,,,,,,,,,,,,,,,,,,,,,,,,,,,,,,,,,,,,
11,C,GS1,2,1,,3,1,Doomrat,2,Netherlands,z,2,Faust,0,Germany,t,,,,,,,,,,,,,,,,,,,,,,,,,,,,,,,,,,,,,,,,,,
11,C,GS1,3,1,,3,1,WiseMan,2,United States,z,2,Doomrat,0,Netherlands,z,,,,,,,,,,,,,,,,,,,,,,,,,,,,,,,,,,,,,,,,,,
11,C,GS1,4,2,,3,1,Zushen,1,United States,t,2,Faust,2,Germany,t,,,,,,,,,,,,,,,,,,,,,,,,,,,,,,,,,,,,,,,,,,
11,C,GS1,5,1,,3,1,Doomrat,2,Netherlands,z,2,Faust,0,Germany,t,,,,,,,,,,,,,,,,,,,,,,,,,,,,,,,,,,,,,,,,,,
11,D,GS1,1,1,,3,1,Daniello,2,Poland,t,2,Defiance,0,United States,t,,,,,,,,,,,,,,,,,,,,,,,,,,,,,,,,,,,,,,,,,,
11,D,GS1,2,1,,3,1,CaptCanuck,2,Canada,p,2,Tolo,1,Poland,z,,,,,,,,,,,,,,,,,,,,,,,,,,,,,,,,,,,,,,,,,,
11,D,GS1,3,2,,3,1,Daniello,0,Poland,z,2,CaptCanuck,2,Canada,p,,,,,,,,,,,,,,,,,,,,,,,,,,,,,,,,,,,,,,,,,,
11,D,GS1,4,1,,3,1,Defiance,2,United States,t,2,Tolo,1,Poland,z,,,,,,,,,,,,,,,,,,,,,,,,,,,,,,,,,,,,,,,,,,
11,D,GS1,5,1,,3,1,Daniello,2,Poland,t,2,Defiance,1,United States,t,,,,,,,,,,,,,,,,,,,,,,,,,,,,,,,,,,,,,,,,,,
11,E,GS1,1,1,,3,1,YourBroChris,2,Norway,t,2,LegolandMan,0,Israel,p,,,,,,,,,,,,,,,,,,,,,,,,,,,,,,,,,,,,,,,,,,
11,E,GS1,2,1,,3,1,Storm,2,United States,p,2,July_(American_player),1,United States,z,,,,,,,,,,,,,,,,,,,,,,,,,,,,,,,,,,,,,,,,,,
11,E,GS1,3,2,,3,1,YourBroChris,0,Norway,t,2,Storm,2,United States,p,,,,,,,,,,,,,,,,,,,,,,,,,,,,,,,,,,,,,,,,,,
11,E,GS1,4,2,ff,3,1,LegolandMan,-1,Israel,p,2,July_(American_player),-1,United States,z,,,,,,,,,,,,,,,,,,,,,,,,,,,,,,,,,,,,,,,,,,
11,E,GS1,5,1,,3,1,YourBroChris,2,Norway,t,2,July_(American_player),1,United States,z,,,,,,,,,,,,,,,,,,,,,,,,,,,,,,,,,,,,,,,,,,
11,F,GS1,1,2,,3,1,Ficks,1,Russia,z,2,Mag,2,Denmark,z,,,,,,,,,,,,,,,,,,,,,,,,,,,,,,,,,,,,,,,,,,
11,F,GS1,2,1,,3,1,FireKlaw,2,Canada,p,2,Darkblade,0,Canada,p,,,,,,,,,,,,,,,,,,,,,,,,,,,,,,,,,,,,,,,,,,
11,F,GS1,3,2,,3,1,Mag,1,Denmark,z,2,FireKlaw,2,Canada,p,,,,,,,,,,,,,,,,,,,,,,,,,,,,,,,,,,,,,,,,,,
11,F,GS1,4,1,,3,1,Ficks,2,Russia,z,2,Darkblade,0,Canada,p,,,,,,,,,,,,,,,,,,,,,,,,,,,,,,,,,,,,,,,,,,
11,F,GS1,5,2,,3,1,Mag,0,Denmark,z,2,Ficks,2,Russia,z,,,,,,,,,,,,,,,,,,,,,,,,,,,,,,,,,,,,,,,,,,
11,G,GS1,1,2,,3,1,MedicJR,1,United States,t,2,Ame,2,Peru,p,,,,,,,,,,,,,,,,,,,,,,,,,,,,,,,,,,,,,,,,,,
11,G,GS1,2,1,ff,3,1,Zerus,-1,Peru,t,2,ChampioN,-1,Russia,t,,,,,,,,,,,,,,,,,,,,,,,,,,,,,,,,,,,,,,,,,,
11,G,GS1,3,2,ff,3,1,Ame,-1,Peru,p,2,Zerus,-1,Peru,t,,,,,,,,,,,,,,,,,,,,,,,,,,,,,,,,,,,,,,,,,,
11,G,GS1,4,1,ff,3,1,MedicJR,-1,United States,t,2,ChampioN,-1,Russia,t,,,,,,,,,,,,,,,,,,,,,,,,,,,,,,,,,,,,,,,,,,
11,G,GS1,5,2,ff,3,1,Ame,-1,Peru,p,2,MedicJR,-1,United States,t,,,,,,,,,,,,,,,,,,,,,,,,,,,,,,,,,,,,,,,,,,
11,H,GS1,1,2,,3,1,XenoDactyl,1,United States,p,2,Sickestt,2,Poland,t,,,,,,,,,,,,,,,,,,,,,,,,,,,,,,,,,,,,,,,,,,
11,H,GS1,2,2,,3,1,Harokku,1,France,z,2,Milkaa,2,Russia,p,,,,,,,,,,,,,,,,,,,,,,,,,,,,,,,,,,,,,,,,,,
11,H,GS1,3,1,,3,1,Sickestt,2,Poland,t,2,Milkaa,1,Russia,p,,,,,,,,,,,,,,,,,,,,,,,,,,,,,,,,,,,,,,,,,,
11,H,GS1,4,1,,3,1,XenoDactyl,2,United States,p,2,Harokku,0,France,z,,,,,,,,,,,,,,,,,,,,,,,,,,,,,,,,,,,,,,,,,,
11,H,GS1,5,2,,3,1,Milkaa,1,Russia,p,2,XenoDactyl,2,United States,p,,,,,,,,,,,,,,,,,,,,,,,,,,,,,,,,,,,,,,,,,,
11,A,GS2,1,2,,3,1,FireKlaw,0,Canada,p,2,Kyboi,2,United States,z,,,,,,,,,,,,,,,,,,,,,,,,,,,,,,,,,,,,,,,,,,
11,A,GS2,2,2,,3,1,YourBroChris,0,Norway,t,2,NeO,2,Costa Rica,p,,,,,,,,,,,,,,,,,,,,,,,,,,,,,,,,,,,,,,,,,,
11,A,GS2,3,1,,3,1,Kyboi,2,United States,z,2,NeO,1,Costa Rica,p,,,,,,,,,,,,,,,,,,,,,,,,,,,,,,,,,,,,,,,,,,
11,A,GS2,4,1,ff,3,1,FireKlaw,-1,Canada,p,2,YourBroChris,-1,Norway,t,,,,,,,,,,,,,,,,,,,,,,,,,,,,,,,,,,,,,,,,,,
11,A,GS2,5,2,,3,1,NeO,0,Costa Rica,p,2,FireKlaw,2,Canada,p,,,,,,,,,,,,,,,,,,,,,,,,,,,,,,,,,,,,,,,,,,
11,B,GS2,1,2,,3,1,Zerus,1,Peru,t,2,Roselia,2,South Korea,t,,,,,,,,,,,,,,,,,,,,,,,,,,,,,,,,,,,,,,,,,,
11,B,GS2,2,2,,3,1,Daniello,1,Poland,t,2,Ficks,2,Russia,z,,,,,,,,,,,,,,,,,,,,,,,,,,,,,,,,,,,,,,,,,,
11,B,GS2,3,2,,3,1,Roselia,1,South Korea,t,2,Ficks,2,Russia,z,,,,,,,,,,,,,,,,,,,,,,,,,,,,,,,,,,,,,,,,,,
11,B,GS2,4,1,,3,1,Zerus,2,Peru,t,2,Daniello,0,Poland,t,,,,,,,,,,,,,,,,,,,,,,,,,,,,,,,,,,,,,,,,,,
11,B,GS2,5,2,,3,1,Roselia,0,South Korea,t,2,Zerus,2,Peru,t,,,,,,,,,,,,,,,,,,,,,,,,,,,,,,,,,,,,,,,,,,
11,C,GS2,1,2,,3,1,Storm,0,United States,p,2,MedicJR,2,United States,t,,,,,,,,,,,,,,,,,,,,,,,,,,,,,,,,,,,,,,,,,,
11,C,GS2,2,2,,3,1,CaptCanuck,0,Canada,p,2,Doomrat,2,Netherlands,z,,,,,,,,,,,,,,,,,,,,,,,,,,,,,,,,,,,,,,,,,,
11,C,GS2,3,2,,3,1,MedicJR,1,United States,t,2,Doomrat,2,Netherlands,z,,,,,,,,,,,,,,,,,,,,,,,,,,,,,,,,,,,,,,,,,,
11,C,GS2,4,1,,3,1,Storm,2,United States,p,2,CaptCanuck,1,Canada,p,,,,,,,,,,,,,,,,,,,,,,,,,,,,,,,,,,,,,,,,,,
11,C,GS2,5,2,,3,1,MedicJR,0,United States,t,2,Storm,2,United States,p,,,,,,,,,,,,,,,,,,,,,,,,,,,,,,,,,,,,,,,,,,
11,D,GS2,1,1,,3,1,BrainJam,2,Denmark,z,2,Sickestt,0,Poland,t,,,,,,,,,,,,,,,,,,,,,,,,,,,,,,,,,,,,,,,,,,
11,D,GS2,2,2,,3,1,XenoDactyl,0,United States,p,2,WiseMan,2,United States,z,,,,,,,,,,,,,,,,,,,,,,,,,,,,,,,,,,,,,,,,,,
11,D,GS2,3,2,,3,1,BrainJam,0,Denmark,z,2,WiseMan,2,United States,z,,,,,,,,,,,,,,,,,,,,,,,,,,,,,,,,,,,,,,,,,,
11,D,GS2,4,2,,3,1,Sickestt,1,Poland,t,2,XenoDactyl,2,United States,p,,,,,,,,,,,,,,,,,,,,,,,,,,,,,,,,,,,,,,,,,,
11,D,GS2,5,2,ff,3,1,BrainJam,-1,Denmark,z,2,XenoDactyl,-1,United States,p,,,,,,,,,,,,,,,,,,,,,,,,,,,,,,,,,,,,,,,,,,
11,playoffs,R01,1,1,,5,1,Kyboi,3,United States,z,2,XenoDactyl,1,United States,p,,,,,,,,,,,,,,,,,,,,,,,,,,,,,,,,,,,,,,,,,,
11,playoffs,R01,2,2,,5,1,Doomrat,1,Netherlands,z,2,Zerus,3,Peru,t,,,,,,,,,,,,,,,,,,,,,,,,,,,,,,,,,,,,,,,,,,
11,playoffs,R01,3,1,,5,1,Ficks,3,Russia,z,2,Storm,1,United States,p,,,,,,,,,,,,,,,,,,,,,,,,,,,,,,,,,,,,,,,,,,
11,playoffs,R01,4,2,,5,1,WiseMan,1,United States,z,2,FireKlaw,3,Canada,p,,,,,,,,,,,,,,,,,,,,,,,,,,,,,,,,,,,,,,,,,,
11,playoffs,R02,1,1,,5,1,Kyboi,3,United States,z,2,Zerus,0,Peru,t,,,,,,,,,,,,,,,,,,,,,,,,,,,,,,,,,,,,,,,,,,
11,playoffs,R02,2,1,,5,1,Ficks,3,Russia,z,2,FireKlaw,0,Canada,p,,,,,,,,,,,,,,,,,,,,,,,,,,,,,,,,,,,,,,,,,,
11,playoffs,R03,1,1,,7,1,Kyboi,4,United States,z,2,Ficks,3,Russia,z,,,,,,,,,,,,,,,,,,,,,,,,,,,,,,,,,,,,,,,,,,
11,playoffs,3rd Place Match,3rd Place Match,2,,5,1,Zerus,0,Peru,t,2,FireKlaw,3,Canada,p,,,,,,,,,,,,,,,,,,,,,,,,,,,,,,,,,,,,,,,,,,
12,A,GS1,1,1,,3,1,Fletch,2,Canada,p,2,AlexeiStukov,0,South Africa,t,1,King's Cove LE,Fletch,p,AlexeiStukov,t,2,Neon Violet Square LE,Fletch,p,AlexeiStukov,t,,,,,,,,,,,,,,,,,,,,,,,,,,,,,,
12,A,GS1,2,1,,3,1,Daryl,2,Peru,p,2,CostPhoenix,0,Finland,p,1,Frostline LE,Daryl,p,CostPhoenix,p,2,Whispers of Gold LE,Daryl,p,CostPhoenix,p,,,,,,,,,,,,,,,,,,,,,,,,,,,,,,
12,A,GS1,3,2,,3,1,Fletch,0,Canada,p,2,Daryl,2,Peru,p,1,Ultralove LE,Daryl,p,Fletch,p,2,Ley Lines LE,Daryl,p,Fletch,p,,,,,,,,,,,,,,,,,,,,,,,,,,,,,,
12,A,GS1,4,1,,3,1,AlexeiStukov,2,South Africa,t,2,CostPhoenix,1,Finland,p,1,King's Cove LE,CostPhoenix,p,AlexeiStukov,t,2,Ley Lines LE,AlexeiStukov,t,CostPhoenix,p,3,Whispers of Gold LE,AlexeiStukov,t,CostPhoenix,p,,,,,,,,,,,,,,,,,,,,,,,,
12,A,GS1,5,1,,3,1,Fletch,2,Canada,p,2,AlexeiStukov,0,South Africa,t,1,King's Cove LE,Fletch,p,AlexeiStukov,t,2,Frostline LE,Fletch,p,AlexeiStukov,t,,,,,,,,,,,,,,,,,,,,,,,,,,,,,,
12,B,GS1,1,1,,3,1,FireKlaw,2,Canada,p,2,Nomad,0,United States,p,1,Whispers of Gold LE,FireKlaw,p,Nomad,p,2,Ley Lines LE,FireKlaw,p,Nomad,p,,,,,,,,,,,,,,,,,,,,,,,,,,,,,,
12,B,GS1,2,1,,3,1,Kyboi,2,United States,z,2,Cheoklate,0,Singapore,p,1,El Dorado LE,Kyboi,z,Cheoklate,p,2,King's Cove LE,Kyboi,z,Cheoklate,p,,,,,,,,,,,,,,,,,,,,,,,,,,,,,,
12,B,GS1,3,2,,3,1,FireKlaw,0,Canada,p,2,Kyboi,2,United States,z,1,Ultralove LE,Kyboi,z,FireKlaw,p,2,King's Cove LE,Kyboi,z,FireKlaw,p,,,,,,,,,,,,,,,,,,,,,,,,,,,,,,
12,B,GS1,4,1,ff,3,1,Nomad,-1,United States,p,2,Cheoklate,-1,Singapore,p,,,,,,,,,,,,,,,,,,,,,,,,,,,,,,,,,,,,,,,,,,
12,B,GS1,5,1,,3,1,FireKlaw,2,Canada,p,2,Nomad,0,United States,p,1,Ley Lines LE,FireKlaw,p,Nomad,p,2,Frostline LE,FireKlaw,p,Nomad,p,,,,,,,,,,,,,,,,,,,,,,,,,,,,,,
12,C,GS1,1,1,,3,1,Beast,2,Austria,p,2,Bali,0,Hungary,z,1,Ley Lines LE,Beast,p,Bali,z,2,Amygdala LE,Beast,p,Bali,z,,,,,,,,,,,,,,,,,,,,,,,,,,,,,,
12,C,GS1,2,1,,3,1,Aurigami,2,France,t,2,Defiance,0,United States,t,1,Frostline LE,Aurigami,t,Defiance,t,2,Abyssal Reef LE,Aurigami,t,Defiance,t,,,,,,,,,,,,,,,,,,,,,,,,,,,,,,
12,C,GS1,3,2,,3,1,Beast,0,Austria,p,2,Aurigami,2,France,t,1,Ley Lines LE,Aurigami,t,Beast,p,2,King's Cove LE,Aurigami,t,Beast,p,,,,,,,,,,,,,,,,,,,,,,,,,,,,,,
12,C,GS1,4,2,,3,1,Bali,0,Hungary,z,2,Defiance,2,United States,t,1,Whispers of Gold LE,Defiance,t,Bali,z,2,Frostline LE,Defiance,t,Bali,z,,,,,,,,,,,,,,,,,,,,,,,,,,,,,,
12,C,GS1,5,1,,3,1,Beast,2,Austria,p,2,Defiance,0,United States,t,1,Ley Lines LE,Beast,p,Defiance,t,2,Frostline LE,Beast,p,Defiance,t,,,,,,,,,,,,,,,,,,,,,,,,,,,,,,
12,D,GS1,1,1,,3,1,Storm,2,United States,p,2,LegolandMan,1,Israel,p,1,Frostline LE,LegolandMan,p,Storm,p,2,Ultralove LE,Storm,p,LegolandMan,p,3,Whispers of Gold LE,Storm,p,LegolandMan,p,,,,,,,,,,,,,,,,,,,,,,,,
12,D,GS1,2,1,,3,1,XenoDactyl,2,United States,p,2,BlueKnight,0,Bosnia and Herzegovina,t,1,Neon Violet Square LE,XenoDactyl,p,BlueKnight,t,2,Abyssal Reef LE,XenoDactyl,p,BlueKnight,t,,,,,,,,,,,,,,,,,,,,,,,,,,,,,,
12,D,GS1,3,1,,3,1,Storm,2,United States,p,2,XenoDactyl,0,United States,p,1,Abyssal Reef LE,Storm,p,XenoDactyl,p,2,El Dorado LE,Storm,p,XenoDactyl,p,,,,,,,,,,,,,,,,,,,,,,,,,,,,,,
12,D,GS1,4,1,,3,1,LegolandMan,2,Israel,p,2,BlueKnight,0,Bosnia and Herzegovina,t,1,Abyssal Reef LE,LegolandMan,p,BlueKnight,t,2,Ley Lines LE,LegolandMan,p,BlueKnight,t,,,,,,,,,,,,,,,,,,,,,,,,,,,,,,
12,D,GS1,5,1,,3,1,XenoDactyl,2,United States,p,2,LegolandMan,1,Israel,p,1,Neon Violet Square LE,LegolandMan,p,XenoDactyl,p,2,Ultralove LE,XenoDactyl,p,LegolandMan,p,3,El Dorado LE,XenoDactyl,p,LegolandMan,p,,,,,,,,,,,,,,,,,,,,,,,,
12,E,GS1,1,1,,3,1,DizzyDwarf,2,Poland,t,2,Vales,0,United Kingdom,t,1,King's Cove LE,DizzyDwarf,t,Vales,t,2,Ley Lines LE,DizzyDwarf,t,Vales,t,,,,,,,,,,,,,,,,,,,,,,,,,,,,,,
12,E,GS1,2,1,,3,1,Milkaa,2,Hungary,p,2,Darkblade,0,Canada,p,1,Ultralove LE,Milkaa,p,Darkblade,p,2,Ley Lines LE,Milkaa,p,Darkblade,p,,,,,,,,,,,,,,,,,,,,,,,,,,,,,,
12,E,GS1,3,1,,3,1,DizzyDwarf,2,Poland,t,2,Milkaa,0,Hungary,p,1,Ley Lines LE,DizzyDwarf,t,Milkaa,p,2,Amygdala LE,DizzyDwarf,t,Milkaa,p,,,,,,,,,,,,,,,,,,,,,,,,,,,,,,
12,E,GS1,4,2,,3,1,Vales,0,United Kingdom,t,2,Darkblade,2,Canada,p,1,Ley Lines LE,Darkblade,p,Vales,t,2,Golden Wall LE,Darkblade,p,Vales,t,,,,,,,,,,,,,,,,,,,,,,,,,,,,,,
12,E,GS1,5,2,,3,1,Milkaa,0,Hungary,p,2,Darkblade,2,Canada,p,1,Frostline LE,Darkblade,p,Milkaa,p,2,Ley Lines LE,Darkblade,p,Milkaa,p,,,,,,,,,,,,,,,,,,,,,,,,,,,,,,
12,F,GS1,1,1,,3,1,Doomrat,2,Netherlands,z,2,Evariel,1,United States,t,1,King's Cove LE,Evariel,t,Doomrat,z,2,El Dorado LE,Doomrat,z,Evariel,t,3,Abyssal Reef LE,Doomrat,z,Evariel,t,,,,,,,,,,,,,,,,,,,,,,,,
12,F,GS1,2,2,,3,1,COSMOS,0,Brazil,t,2,Harokku,2,France,z,1,Ley Lines LE,Harokku,z,COSMOS,t,2,Neon Violet Square LE,Harokku,z,COSMOS,t,,,,,,,,,,,,,,,,,,,,,,,,,,,,,,
12,F,GS1,3,1,,3,1,Doomrat,2,Netherlands,z,2,Harokku,0,France,z,1,Abyssal Reef LE,Doomrat,z,Harokku,z,2,Amygdala LE,Doomrat,z,Harokku,z,,,,,,,,,,,,,,,,,,,,,,,,,,,,,,
12,F,GS1,4,2,,3,1,Evariel,1,United States,t,2,COSMOS,2,Brazil,t,1,Amygdala LE,COSMOS,t,Evariel,t,2,King's Cove LE,Evariel,t,COSMOS,t,3,Ley Lines LE,COSMOS,t,Evariel,t,,,,,,,,,,,,,,,,,,,,,,,,
12,F,GS1,5,1,,3,1,Harokku,2,France,z,2,COSMOS,0,Brazil,t,1,Ley Lines LE,Harokku,z,COSMOS,t,2,Whispers of Gold LE,Harokku,z,COSMOS,t,,,,,,,,,,,,,,,,,,,,,,,,,,,,,,
12,G,GS1,1,1,,3,1,Zerus,2,Peru,t,2,Mac,1,Germany,t,1,Frostline LE,Mac,t,Zerus,t,2,Ultralove LE,Zerus,t,Mac,t,3,Ley Lines LE,Zerus,t,Mac,t,,,,,,,,,,,,,,,,,,,,,,,,
12,G,GS1,2,1,,3,1,MedicJR,2,United States,t,2,Sickestt,0,Poland,t,1,Frostline LE,MedicJR,t,Sickestt,t,2,Ley Lines LE,MedicJR,t,Sickestt,t,,,,,,,,,,,,,,,,,,,,,,,,,,,,,,
12,G,GS1,3,1,,3,1,Zerus,2,Peru,t,2,MedicJR,1,United States,t,1,Frostline LE,Zerus,t,MedicJR,t,2,Whispers of Gold LE,MedicJR,t,Zerus,t,3,Ley Lines LE,Zerus,t,MedicJR,t,,,,,,,,,,,,,,,,,,,,,,,,
12,G,GS1,4,1,,3,1,Mac,2,Germany,t,2,Sickestt,1,Poland,t,1,Frostline LE,Sickestt,t,Mac,t,2,Whispers of Gold LE,Mac,t,Sickestt,t,3,Ley Lines LE,Mac,t,Sickestt,t,,,,,,,,,,,,,,,,,,,,,,,,
12,G,GS1,5,1,,3,1,MedicJR,2,United States,t,2,Mac,0,Germany,t,1,Frostline LE,MedicJR,t,Mac,t,2,Ley Lines LE,MedicJR,t,Mac,t,,,,,,,,,,,,,,,,,,,,,,,,,,,,,,
12,H,GS1,1,2,,3,1,Daniello,1,Poland,t,2,Zigur,2,Russia,z,1,Ley Lines LE,Daniello,t,Zigur,z,2,Frostline LE,Zigur,z,Daniello,t,3,El Dorado LE,Zigur,z,Daniello,t,,,,,,,,,,,,,,,,,,,,,,,,
12,H,GS1,2,2,,3,1,CaptCanuck,0,Canada,p,2,SooThSayeR,2,France,z,1,Amygdala LE,SooThSayeR,z,CaptCanuck,p,2,Frostline LE,SooThSayeR,z,CaptCanuck,p,,,,,,,,,,,,,,,,,,,,,,,,,,,,,,
12,H,GS1,3,1,,3,1,SooThSayeR,2,France,z,2,Zigur,1,Russia,z,1,Frostline LE,Zigur,z,SooThSayeR,z,2,El Dorado LE,SooThSayeR,z,Zigur,z,3,Ultralove LE,SooThSayeR,z,Zigur,z,,,,,,,,,,,,,,,,,,,,,,,,
12,H,GS1,4,1,,3,1,Daniello,2,Poland,t,2,CaptCanuck,0,Canada,p,1,Amygdala LE,Daniello,t,CaptCanuck,p,2,Ley Lines LE,Daniello,t,CaptCanuck,p,,,,,,,,,,,,,,,,,,,,,,,,,,,,,,
12,H,GS1,5,1,,3,1,Zigur,2,Russia,z,2,Daniello,1,Poland,t,1,King's Cove LE,Zigur,z,Daniello,t,2,Ley Lines LE,Daniello,t,Zigur,z,3,Neon Violet Square LE,Zigur,z,Daniello,t,,,,,,,,,,,,,,,,,,,,,,,,
12,A,GS2,1,1,,3,1,Harokku,2,France,z,2,Darkblade,0,Canada,p,1,Frostline LE,Harokku,z,Darkblade,p,2,Ley Lines LE,Harokku,z,Darkblade,p,,,,,,,,,,,,,,,,,,,,,,,,,,,,,,
12,A,GS2,2,1,,3,1,Zigur,2,Russia,z,2,Aurigami,0,France,t,1,Abyssal Reef LE,Zigur,z,Aurigami,t,2,King's Cove LE,Zigur,z,Aurigami,t,,,,,,,,,,,,,,,,,,,,,,,,,,,,,,
12,A,GS2,3,2,,3,1,Zigur,1,Russia,z,2,Harokku,2,France,z,1,Ultralove LE,Zigur,z,Harokku,z,2,El Dorado LE,Harokku,z,Zigur,z,3,King's Cove LE,Harokku,z,Zigur,z,,,,,,,,,,,,,,,,,,,,,,,,
12,A,GS2,4,1,ff,3,1,Aurigami,-1,France,t,2,Darkblade,-1,Canada,p,,,,,,,,,,,,,,,,,,,,,,,,,,,,,,,,,,,,,,,,,,
12,A,GS2,5,2,,3,1,Zigur,1,Russia,z,2,Aurigami,2,France,t,1,Abyssal Reef LE,Aurigami,t,Zigur,z,2,King's Cove LE,Zigur,z,Aurigami,t,3,Amygdala LE,Aurigami,t,Zigur,z,,,,,,,,,,,,,,,,,,,,,,,,
12,B,GS2,1,2,,3,1,FireKlaw,0,Canada,p,2,Doomrat,2,Netherlands,z,1,Frostline LE,Doomrat,z,FireKlaw,p,2,Ley Lines LE,Doomrat,z,FireKlaw,p,,,,,,,,,,,,,,,,,,,,,,,,,,,,,,
12,B,GS2,2,1,,3,1,XenoDactyl,2,United States,p,2,Fletch,0,Canada,p,1,Frostline LE,XenoDactyl,p,Fletch,p,2,Abyssal Reef LE,XenoDactyl,p,Fletch,p,,,,,,,,,,,,,,,,,,,,,,,,,,,,,,
12,B,GS2,3,1,,3,1,Doomrat,2,Netherlands,z,2,XenoDactyl,0,United States,p,1,Frostline LE,Doomrat,z,XenoDactyl,p,2,Abyssal Reef LE,Doomrat,z,XenoDactyl,p,,,,,,,,,,,,,,,,,,,,,,,,,,,,,,
12,B,GS2,4,1,,3,1,FireKlaw,2,Canada,p,2,Fletch,1,Canada,p,1,Frostline LE,FireKlaw,p,Fletch,p,2,Ultralove LE,Fletch,p,FireKlaw,p,3,King's Cove LE,FireKlaw,p,Fletch,p,,,,,,,,,,,,,,,,,,,,,,,,
12,B,GS2,5,2,,3,1,XenoDactyl,1,United States,p,2,FireKlaw,2,Canada,p,1,King's Cove LE,FireKlaw,p,XenoDactyl,p,2,Ultralove LE,XenoDactyl,p,FireKlaw,p,3,Abyssal Reef LE,FireKlaw,p,XenoDactyl,p,,,,,,,,,,,,,,,,,,,,,,,,
12,C,GS2,1,2,,3,1,Zerus,0,Peru,t,2,SooThSayeR,2,France,z,1,King's Cove LE,SooThSayeR,z,Zerus,t,2,Abyssal Reef LE,SooThSayeR,z,Zerus,t,,,,,,,,,,,,,,,,,,,,,,,,,,,,,,
12,C,GS2,2,1,,3,1,DizzyDwarf,2,Poland,t,2,Kyboi,0,United States,z,1,Ley Lines LE,DizzyDwarf,t,Kyboi,z,2,Abyssal Reef LE,DizzyDwarf,t,Kyboi,z,,,,,,,,,,,,,,,,,,,,,,,,,,,,,,
12,C,GS2,3,1,,3,1,SooThSayeR,2,France,z,2,DizzyDwarf,0,Poland,t,1,King's Cove LE,SooThSayeR,z,DizzyDwarf,t,2,Ley Lines LE,SooThSayeR,z,DizzyDwarf,t,,,,,,,,,,,,,,,,,,,,,,,,,,,,,,
12,C,GS2,4,2,,3,1,Zerus,0,Peru,t,2,Kyboi,2,United States,z,1,Ley Lines LE,Kyboi,z,Zerus,t,2,Abyssal Reef LE,Kyboi,z,Zerus,t,,,,,,,,,,,,,,,,,,,,,,,,,,,,,,
12,C,GS2,5,2,,3,1,DizzyDwarf,0,Poland,t,2,Kyboi,2,United States,z,1,Whispers of Gold LE,Kyboi,z,DizzyDwarf,t,2,Abyssal Reef LE,Kyboi,z,DizzyDwarf,t,,,,,,,,,,,,,,,,,,,,,,,,,,,,,,
12,D,GS2,1,1,,3,1,Storm,2,United States,p,2,MedicJR,0,United States,t,1,Frostline LE,Storm,p,MedicJR,t,2,King's Cove LE,Storm,p,MedicJR,t,,,,,,,,,,,,,,,,,,,,,,,,,,,,,,
12,D,GS2,2,2,,3,1,Beast,1,Austria,p,2,Daryl,2,Peru,p,1,Frostline LE,Daryl,p,Beast,p,2,Ley Lines LE,Beast,p,Daryl,p,3,Ultralove LE,Daryl,p,Beast,p,,,,,,,,,,,,,,,,,,,,,,,,
12,D,GS2,3,2,,3,1,Storm,0,United States,p,2,Daryl,2,Peru,p,1,Ley Lines LE,Daryl,p,Storm,p,2,Whispers of Gold LE,Daryl,p,Storm,p,,,,,,,,,,,,,,,,,,,,,,,,,,,,,,
12,D,GS2,4,2,,3,1,MedicJR,0,United States,t,2,Beast,2,Austria,p,1,Frostline LE,Beast,p,MedicJR,t,2,Ultralove LE,Beast,p,MedicJR,t,,,,,,,,,,,,,,,,,,,,,,,,,,,,,,
12,D,GS2,5,2,,3,1,Beast,0,Austria,p,2,Storm,2,United States,p,1,Ley Lines LE,Storm,p,Beast,p,2,Whispers of Gold LE,Storm,p,Beast,p,,,,,,,,,,,,,,,,,,,,,,,,,,,,,,
12,playoffs,R01,1,1,,5,1,Harokku,3,France,z,2,Storm,2,United States,p,1,Frostline LE,Storm,p,Harokku,z,2,King's Cove LE,Harokku,z,Storm,p,3,Ley Lines LE,Harokku,z,Storm,p,4,Whispers of Gold LE,Storm,p,Harokku,z,5,Ultralove LE,Harokku,z,Storm,p,,,,,,,,,,,,
12,playoffs,R01,2,2,,5,1,SooThSayeR,0,France,z,2,FireKlaw,3,Canada,p,1,Ultralove LE,FireKlaw,p,SooThSayeR,z,2,Abyssal Reef LE,FireKlaw,p,SooThSayeR,z,3,Whispers of Gold LE,FireKlaw,p,SooThSayeR,z,,,,,,,,,,,,,,,,,,,,,,,,
12,playoffs,R01,3,1,,5,1,Doomrat,3,Netherlands,z,2,Kyboi,1,United States,z,1,Amygdala LE,Doomrat,z,Kyboi,z,2,Ultralove LE,Kyboi,z,Doomrat,z,3,King's Cove LE,Doomrat,z,Kyboi,z,4,Ley Lines LE,Doomrat,z,Kyboi,z,,,,,,,,,,,,,,,,,,
12,playoffs,R01,4,1,,5,1,Daryl,3,Peru,p,2,Aurigami,2,France,t,1,Frostline LE,Daryl,p,Aurigami,t,2,Ley Lines LE,Daryl,p,Aurigami,t,3,Whispers of Gold LE,Aurigami,t,Daryl,p,4,King's Cove LE,Aurigami,t,Daryl,p,5,Abyssal Reef LE,Daryl,p,Aurigami,t,,,,,,,,,,,,
12,playoffs,R02,1,1,,5,1,Harokku,3,France,z,2,FireKlaw,0,Canada,p,1,Ultralove LE,Harokku,z,FireKlaw,p,2,Frostline LE,Harokku,z,FireKlaw,p,3,Ley Lines LE,Harokku,z,FireKlaw,p,,,,,,,,,,,,,,,,,,,,,,,,
12,playoffs,R02,2,1,,5,1,Doomrat,3,Netherlands,z,2,Daryl,0,Peru,p,1,Whispers of Gold LE,Doomrat,z,Daryl,p,2,Ultralove LE,Doomrat,z,Daryl,p,3,Frostline LE,Doomrat,z,Daryl,p,,,,,,,,,,,,,,,,,,,,,,,,
12,playoffs,R03,1,2,,7,1,Harokku,2,France,z,2,Doomrat,4,Netherlands,z,1,Ultralove LE,Harokku,z,Doomrat,z,2,El Dorado LE,Doomrat,z,Harokku,z,3,Whispers of Gold LE,Doomrat,z,Harokku,z,4,King's Cove LE,Doomrat,z,Harokku,z,5,Amygdala LE,Harokku,z,Doomrat,z,6,Abyssal Reef LE,Doomrat,z,Harokku,z,,,,,,
12,playoffs,3rd Place Match,3rd Place Match,2,,5,1,FireKlaw,2,Canada,p,2,Daryl,3,Peru,p,1,Whispers of Gold LE,FireKlaw,p,Daryl,p,2,Ley Lines LE,Daryl,p,FireKlaw,p,3,King's Cove LE,Daryl,p,FireKlaw,p,4,Amygdala LE,FireKlaw,p,Daryl,p,5,Frostline LE,Daryl,p,FireKlaw,p,,,,,,,,,,,,
